Eccentricity,Asp_Ratio,Elongation,Solidity,Stoc_Convexity,Isop_Factor,Max_Ind_Depth,Lobedness,Ave_Intensity,Ave_Contrast,Smoothness,Thir_moment,Uniformity,Entropy,Class(Species)
0.6917414334811656,0.025932539902614328,0.25733588666991786,0.9832215425165719,1.0,0.9714792814420403,0.009279430620948438,0.0003445233945223002,0.2303718702211334,0.3821217081994382,0.20830803474046772,0.16926450895198292,0.09145006792537709,0.396282147217518,SP_1
0.7085171784081757,0.02878866865578935,0.30158314797854247,0.9756879560966975,0.9971002965982336,0.9237096426702778,0.01226550969060917,0.0004909687387977327,0.10308804668617669,0.2306473453384264,0.09731610296538874,0.08385882263780181,0.023190432889286978,0.20762868733015638,SP_1
0.7374295339314679,0.03138414099848042,0.3358628810676436,0.9678789905387598,1.0,0.9358283832445906,0.02355826219069202,0.0012015291553304308,0.03703296721054511,0.09713211665555085,0.030202699041455422,0.02338768558473274,0.010571257047797758,0.1079437595998582,SP_1
0.7042523507593889,0.025128387146866014,0.29278127341714943,0.964161372174905,1.0,0.9471776799729155,0.020598694323288813,0.0009913618344112192,0.05886459382024377,0.12965500515370154,0.043841014148223584,0.03129523104499912,0.02026302992216229,0.16480248907093065,SP_1
0.8007100484330162,0.04237607728739864,0.40085401972095686,0.9667578040480732,1.0,0.8676171862977439,0.023408881762587083,0.001190564145191336,0.015707136243247304,0.04819822550981223,0.013006139742711574,0.011179913237593795,0.005660840734153332,0.06803197983537475,SP_1
0.6951782493789912,0.02676442206373327,0.2797925612265531,0.9875489289718525,1.0,0.9828926984908641,0.010750292515428755,0.00041449126301746226,0.029437952771937875,0.10150973140120051,0.03193527635789184,0.03029376199817435,0.006102648459772569,0.06745697294316884,SP_1
0.7980105032723478,0.041388910456204166,0.40080644202062493,0.9719900076712759,0.994184023462743,0.8839935161531911,0.015760909742102078,0.0006844248290745767,0.07192694134763565,0.19067483174680167,0.07415208610923157,0.06908377085576206,0.01180347040309902,0.14557914221574575,SP_1
0.7517212436055941,0.03410162272480228,0.3385272322862275,0.9827691339326109,0.9971002965982336,0.9358796795009898,0.011533392643651203,0.0004534656281700938,0.10693941925610873,0.22745407142424057,0.09536955860265624,0.07568466987723207,0.04774388016918027,0.19705801268165885,SP_1
0.8096480382927078,0.04510465077586876,0.41549605699808506,0.9774189106788097,1.0,0.8883024016907245,0.016156538452714468,0.0007078261038777592,0.011973190137685222,0.029107298045635527,0.007386031286428235,0.005369362761185496,0.008856264616742552,0.06599188688905518,SP_1
0.8951941290564068,0.07675499406590724,0.5658772733219939,0.9664627549715769,0.9971002965982336,0.7512516286561405,0.028374124046935026,0.001580030201524256,0.010706815744411066,0.036104205824693314,0.009375646937700854,0.007763753451854037,0.007281599059898714,0.04388169036272696,SP_1
0.713247053752708,0.026958527901327682,0.2777942978126153,0.9785204272310627,1.0,0.9650159531357401,0.013918381185203691,0.0005795077257310078,0.004018355156880142,0.01251440004850543,0.003001096233763165,0.0026829897099055443,0.0085066424289264,0.03184592966011579,SP_1
0.7701416694078015,0.03808911121709906,0.3880675127567709,0.976258384311257,1.0,0.8867506899346486,0.025301373739124673,0.001333386872192966,0.04662099962240389,0.09869641666161402,0.03081820164865777,0.019862243872599602,0.04494075696413085,0.12922295301484776,SP_1
0.9261595000170141,0.09714165289439533,0.6363041642382214,0.9795039241527174,1.0,0.6670231756486411,0.013750646847843538,0.0005702915653103,0.13299408935507553,0.22827462155661998,0.09586835191187891,0.062097170917609544,0.07917914856003287,0.2936434169587649,SP_2
0.9014892868890577,0.0827889126745566,0.5895114959618428,0.9785991069847951,1.0,0.7319770603141381,0.01689018499211037,0.0007520053789065433,0.07468484729981077,0.1579296267103215,0.057123643775434635,0.04260574125964506,0.026066963096661077,0.20035051790004332,SP_2
0.8774088903508276,0.07132557649433766,0.5460254778585278,0.9870965203878911,1.0,0.751354221168939,0.0,0.0,0.13062401392742504,0.23409123062309262,0.09943076429306816,0.06796726820220741,0.06648827285580791,0.2766216375881218,SP_2
0.8512301078683803,0.05559191188704148,0.484138784151868,0.9862900529121345,1.0,0.8007268679531767,0.013293328608901133,0.0005453912764627855,0.13641992565504305,0.23706218799894907,0.10127449332186618,0.06850183613936389,0.06542301775230558,0.30563979362766336,SP_2
0.9090434762882388,0.08419202058631056,0.6052716091967696,0.9701410334585653,1.0,0.7078806438706102,0.011282046053017305,0.0004408350468706299,0.09732445416893573,0.19650356716991046,0.07736992818209985,0.05628120709500219,0.04015052327754823,0.21571816785475167,SP_2
0.8743690663883942,0.06639528821943944,0.540684880996277,0.9694525856134072,0.9971002965982336,0.7222564197264884,0.015742046002034223,0.0006833144483009974,0.14920755989422999,0.24072434770306594,0.10356282920011059,0.06396139201490836,0.09231046627820592,0.3302745067149777,SP_2
0.8326962557989179,0.05258604434486507,0.4538793667408086,0.984932827160251,1.0,0.8005986273121787,0.005795756678146356,0.00019556581374664448,0.08206978687096717,0.15128034115483335,0.053880792567284994,0.03376507024831696,0.04860769280118697,0.2254105785514552,SP_2
0.8776470855120629,0.07161396231019221,0.55968027785377,0.9606797930722478,1.0,0.7278990079304012,0.06339491239832061,0.005687745075783974,0.12625553399146017,0.21448291194244024,0.08763617821509802,0.05595302298168462,0.08075654554021904,0.29288724351148043,SP_2
0.9227680546260902,0.10485597346850495,0.6549903060435573,0.9762780542496904,1.0,0.6426446297949175,0.01862360975510277,0.000860572859043254,0.1001039062613622,0.15692313910952121,0.05662762925902101,0.0301888784155677,0.08489806618300215,0.28976015123468946,SP_2
0.8212628880596169,0.04732854908659339,0.4256776848691019,0.9931351914868506,1.0,0.8738112092579482,0.009377827967788887,0.000349075955693975,0.31121298844426637,0.39986661007700236,0.22366086501041352,0.14289136293847257,0.07250036968581475,0.5843015241621047,SP_2
0.6642809341787371,0.011274776223698664,0.30397392742021817,0.8568421880839515,0.9796523669864625,0.6760513167749017,0.10584342585912863,0.01386250712847107,0.45397232721476816,0.6769134380242123,0.5233953513575098,0.16164764952439128,0.13588008286728706,0.5386554290890473,SP_3
0.6192960765854157,0.011086216267178366,0.2592746779584409,0.9127441531108008,0.994184023462743,0.8735290798477526,0.05379479819621858,0.004324475081022056,0.09045662196381218,0.2575961519028274,0.11439178477693934,0.128532462145485,0.010030776653937437,0.14363357095033674,SP_3
0.5623787756768713,0.0051299399935667775,0.26591176715473464,0.8626448199217137,0.9738363904492056,0.6902347316692827,0.11577493008944982,0.01628174923890685,0.2675228025495548,0.5140968895895228,0.3338677878169387,0.3871415434397349,0.039020396869665935,0.36950100429285965,SP_3
0.6687612717353084,0.013554133345164539,0.3253125260190549,0.8984637778083754,0.9971002965982336,0.78755655412268,0.08460897251247174,0.009335484714588489,0.14309384259790428,0.3298571110976374,0.16590365647451777,0.17193396529639085,0.027118902511369638,0.2178212752550116,SP_3
0.625897485339655,0.007592311190478825,0.32946368037300916,0.8223214461338736,0.994184023462743,0.6762565018004985,0.12996861991348171,0.020069535652779046,0.2827074448917064,0.5088825562359789,0.3284074599471752,0.3408574334378335,0.06091275495831012,0.3808829900358395,SP_3
0.4359084876875787,0.0,0.22399581316237083,0.8465154704065777,0.9971002965982336,0.7206021154576139,0.09658999660962508,0.011781514761186867,0.26724270272628703,0.5108631944865498,0.3304498726618196,0.3679918312605856,0.05281749902752793,0.34724902524516554,SP_3
0.5568662590882796,0.0032166110229932265,0.2818859800411547,0.8249178780070417,0.994184023462743,0.7653324510377233,0.1482511528549251,0.025527057154921033,0.3093384742423973,0.5282847268538167,0.34887326898575455,0.3509397907335693,0.07604142599555003,0.4179827497932338,SP_3
0.5091818563342899,0.002002063067759574,0.2920913967623375,0.797360294262279,0.9971002965982336,0.6954541257579021,0.15363496623645442,0.027257863185737682,0.11487378540367502,0.29295256573495826,0.13856033523356448,0.1495802288356772,0.01540587636369298,0.18010712457169864,SP_3
0.645361432800608,0.008684849762081705,0.3183780761956871,0.8475776470819648,0.9971002965982336,0.6835020980168867,0.1402162192476427,0.023049520053872348,0.28752839377295003,0.5463529982416784,0.36843597036139597,0.428215307725048,0.05064260319121067,0.35922177149383633,SP_3
0.5428921429624672,0.004292511951373722,0.25966719398617866,0.8557800114085644,0.9971002965982336,0.7420054784401834,0.11173707005330281,0.015274078686883684,0.19945854549548309,0.46001333899229974,0.2792367211912129,0.3603793131681676,0.019719476677041867,0.26104131385136464,SP_3
0.3144629833376814,0.006239116208392029,0.07744460171517611,0.9492122189657547,0.9883680469254859,0.840994429226555,0.049262402271806095,0.003743051948456624,0.3665057708643396,0.4194304654499888,0.24112557781522972,0.12959144799567474,0.08465645032097768,0.6773659958252924,SP_4
0.5705681521726802,0.01792428763157603,0.20932998703507671,0.9520840299769863,0.9971002965982336,0.898112810727073,0.02967062380349081,0.001689541505318509,0.22730154523531346,0.34432789668344144,0.17724113113540085,0.11927902348647915,0.1485060872671321,0.40683706825253035,SP_4
0.700078264124406,0.027746043013853604,0.3576177845443841,0.9042073998308385,1.0,0.7017379171668051,0.061946992890409315,0.005470665634549231,0.17824637041801128,0.2375674528587886,0.10158710751288316,0.05237006446618655,0.1593976378446079,0.4590602969556142,SP_4
0.594954799632499,0.016293798595782914,0.24734456960022838,0.8807214933417259,0.965120710510182,0.739299600915125,0.07711955787471926,0.00794820273559792,0.13937713340454333,0.1972351906869581,0.0777770213286242,0.04189862291239379,0.09964775223149605,0.4200307195462959,SP_4
0.5937638238263218,0.01719223132979137,0.21237495985631538,0.9540706937587285,0.994184023462743,0.8892898546264093,0.03225546602360007,0.0019177247542890435,0.08290469980570768,0.1299945431395137,0.04399384775272079,0.022603088720007526,0.0673998853963051,0.27284470875507066,SP_4
0.7092998196522351,0.03029714830795168,0.33355536260154867,0.925352583646413,0.9912843200609764,0.7739373980486903,0.051327217063017634,0.004003158644667562,0.08433751813242364,0.12460639867418499,0.04160964352256449,0.01913719381606397,0.08917957227207886,0.27863022330747117,SP_4
0.31284098771593527,0.006765974910434021,0.0746732006708456,0.9413245736540844,1.0,0.9178105731843689,0.0454998508744873,0.0032911269736098717,0.10981582897966635,0.18107075729097194,0.06897658450239462,0.04399967790590116,0.05145178735637109,0.33996297900831,SP_4
0.46855256740355933,0.013515312177645657,0.14859705256146444,0.9596569562737268,1.0,0.9600786884573163,0.01932156813761353,0.0009059319136439663,0.23441715805332777,0.3071808241880393,0.14884186862701237,0.08632527849974525,0.16438589972350828,0.5418455358197787,SP_4
0.8635822283724465,0.044533425025233754,0.6231489300964639,0.9136036154181529,0.9836265121764948,0.38280344300472946,0.20763624591179417,0.047736060602472895,0.21786433580521428,0.3723802017017321,0.2000689140616642,0.16678113638316747,0.0756248839358472,0.38123744633925405,SP_5
0.8662023751460364,0.04045165655467684,0.5659843231477406,0.9136036154181529,0.9902138953767127,0.43234280262226454,0.19243818938685198,0.04139856233726936,0.1657119033267779,0.27104428141231635,0.1233492233968797,0.08558432673874988,0.08573115030240784,0.3646173841124808,SP_5
0.8488481562560258,0.04845436294464101,0.6099223294042082,0.9136036154181529,0.9836265121764948,0.3236716834405425,0.22515913094239676,0.012231694221300335,0.18581445218130427,0.3326057519351644,0.16804332693747856,0.13571191254197879,0.06620830196322076,0.3324800126028908,SP_5
0.9296757143019182,0.07811373492906817,0.7400592342369132,0.9136036154181529,0.9836265121764948,0.3283139946446708,0.10448540666359628,0.020526484085034075,0.23539212089970216,0.35204834374178945,0.1833822632433792,0.12751407639178822,0.12470173283886833,0.4485447599543145,SP_5
0.9183898007100485,0.0674046385749304,0.6520404886229825,0.9136036154181529,0.9836265121764948,0.35625763031813934,0.17933553750188,0.03629775065863971,0.2960391191722404,0.4672487317852018,0.28632264285426484,0.24683775998440954,0.09459461904821573,0.4661494230239061,SP_5
0.8987443712214874,0.061409541133799934,0.6993208283277628,0.9136036154181529,0.9836265121764948,0.297536240805146,0.22652037921215845,0.012231694221300335,0.18542662165677967,0.2900422401422826,0.13649013459082973,0.09006048737709166,0.0978996412924153,0.3902170060257571,SP_5
0.8822862198427913,0.05783244784098849,0.6442496401936413,0.9136036154181529,0.9836265121764948,0.35241041108819876,0.24022463145605133,0.012231694221300335,0.19814961747521248,0.35144202590998197,0.18290986846584237,0.154662007580038,0.05600643577967916,0.36501122444960815,SP_5
0.9290178419518392,0.07671062701731424,0.6710120966303093,0.9136036154181529,0.9836265121764948,0.37407025535276434,0.18578489728183703,0.03876695990388655,0.2339108237574206,0.34816790961822186,0.1802839092612996,0.12042259287102905,0.14260279856855665,0.42924658343507544,SP_5
0.8673026099384095,0.04255909136284481,0.6329380419397428,0.921534317502631,0.9836265121764948,0.34004801329598966,0.24950865055431354,0.012231694221300335,0.3016895944531617,0.47893045534469164,0.29786852697582594,0.26565590470886685,0.08312605528967615,0.47698003229490765,SP_5
0.8452071730771412,0.04086205175416218,0.6149774600644677,0.921534317502631,0.9836265121764948,0.3129122936608086,0.24449191535788845,0.012231694221300335,0.3199930405966988,0.5252127165059923,0.3455942934710874,0.33696659085726427,0.07914500576825396,0.45878460871962506,SP_5
0.8003357417510747,0.03655290215956609,0.5845872039774958,0.9136036154181529,0.9836265121764948,0.31057831399464464,0.23435138049438292,0.012231694221300335,0.40000463242015405,0.615594494634087,0.447701035239261,0.449767192280027,0.0915354249048244,0.5388917332913238,SP_5
0.7988271723965836,0.033103364131459555,0.5886432029307864,0.921534317502631,0.9836265121764948,0.30093461779159353,0.09409400271269304,0.012231694221300335,0.3459076607840317,0.5245659774853979,0.3449134892328726,0.30661125204607564,0.10735036605682063,0.5116773659958253,SP_5
0.39290858977121923,0.0026509311534323454,0.7311503098497734,0.8919612999823232,0.9836265121764948,0.15647153570732408,0.12475134740172839,0.020526484085034075,0.03175416284895993,0.08116170496574304,0.024149098906961847,0.021856723612813118,0.007740136753489625,0.14280256783899808,SP_6
0.4432244819255242,0.0026509311534323454,0.6130267743508617,0.8919612999823232,0.9836265121764948,0.25454997794260975,0.12475134740172839,0.020526484085034075,0.05275626305898093,0.13593241577234788,0.04667677220984887,0.03871489867907586,0.010582865597002592,0.13852940018116655,SP_6
0.40856141465240514,0.01136351032088468,0.684904785127211,0.9136036154181529,0.9836265121764948,0.20593395094026035,0.12475134740172839,0.020526484085034075,0.10242011633838427,0.19082034802643544,0.07423267110069372,0.054193685466992464,0.033991163640630866,0.29050450947186013,SP_6
0.4654560303074986,0.001957696019166566,0.4864938803182948,0.9136036154181529,0.9836265121764948,0.33273829675910244,0.12475134740172839,0.020526484085034075,0.10976735016410077,0.19657632530972735,0.07741022067783092,0.05307718281343782,0.03927646780800785,0.3050687251388287,SP_6
0.44526615473611375,0.011097308029326632,0.7119646021909531,0.8919612999823232,0.9836265121764948,0.168910877884132,0.12475134740172839,0.020526484085034075,0.08704155873397033,0.18953899634188243,0.07353241531281565,0.06099758497092694,0.020111435926663878,0.22186601551730928,SP_6
0.5927316447943015,0.012517053584302933,0.5935556004900504,0.9136036154181529,0.9836265121764948,0.20899890226011303,0.12475134740172839,0.020526484085034075,0.10997203849648876,0.25384506558337877,0.11194366831217514,0.10797527995458203,0.01524199096315416,0.22942774999015403,SP_6
0.6821342286446697,0.0123395853899309,0.6962877499316071,0.8919612999823232,0.9836265121764948,0.23296707806264294,0.10448540666359628,0.020526484085034075,0.08723547399623265,0.16081974170860364,0.05855750086489926,0.03829198100727486,0.04015052327754823,0.2478122169272577,SP_6
0.4095482231775235,0.005357321117605951,0.5023848322291342,0.9136036154181529,0.9836265121764948,0.33234075077200864,0.12475134740172839,0.020526484085034075,0.009895603563947055,0.03498858101416763,0.009051917575447698,0.008330463132067378,0.002553846682271516,0.05471229963372848,SP_6
0.830030738518426,0.03851614405980678,0.5081179451191227,0.9136036154181529,0.9902138953767127,0.377519928595611,0.16614111607063195,0.03149535381290947,0.18219470061907445,0.3467531680106712,0.17914460420959324,0.18652293330283815,0.03470133370963242,0.41648615651215,SP_7
0.8172022276918889,0.030879465820734926,0.5063218869315953,0.9136036154181529,0.9902138953767127,0.2563196987883824,0.18739086434166824,0.03939293706499185,0.09765841934283194,0.219984235736373,0.0908818082160567,0.08760418153927146,0.016861383577228384,0.25146705525579927,SP_7
0.8235540986581672,0.04474416850605054,0.5215705398879544,0.9136036154181529,0.9902138953767127,0.533473372113303,0.1818693966407248,0.03725823002778575,0.2673396603574182,0.4474423492794923,0.26717676039997945,0.27188463617915193,0.05320331257462974,0.5220747508959869,SP_7
0.8041241790773908,0.036441984538083554,0.4577331604676888,0.7881941029524578,0.9883680469254859,0.6322058416176787,0.09847637061641094,0.01219221684981449,0.15848317327244393,0.27399502819377913,0.12536106939062464,0.09613358514415402,0.05401591101896807,0.3683588673151904,SP_7
0.8481789412792214,0.043923378107079865,0.5334054928455034,0.921534317502631,0.9902138953767127,0.5749207472838631,0.13621914567650725,0.021862800602109527,0.1231421167251375,0.24030800945855818,0.10330301207246535,0.09907370879851457,0.03891796849432918,0.3255878067031625,SP_7
0.8263670700860906,0.040773317656976164,0.46456056046530997,0.8693916088042645,1.0,0.6984421326931559,0.06052456492313026,0.005261775251519636,0.10776355912072355,0.1788718446209503,0.06781088091900236,0.06345727415012156,0.09876345392442198,0.40191406403843877,SP_7
0.855857899572383,0.05874751821821932,0.530229681348352,0.911091878282421,1.0,0.6718963200065659,0.14700716567207173,0.025134259956267373,0.24069247140153868,0.40819337496715774,0.23101077199032427,0.21865452633559093,0.05271848493136907,0.4852900634082942,SP_7
0.8493245465784968,0.055087236709296,0.4991376541814852,0.9572572237848894,0.9912843200609764,0.7623316200383695,0.03293048201954181,0.001979489684819389,0.0871008106196616,0.1638311202732472,0.060063606567398925,0.04188170620552174,0.05051627486162866,0.24127052892757272,SP_7
0.8015267175572519,0.03524407422607229,0.43648971726951585,0.921534317502631,0.9738363904492056,0.5454895201748176,0.08775462862649029,0.009950774460748088,0.07366679217293362,0.1703833949756462,0.06339398974903332,0.07180397732078608,0.02765084720728523,0.2348863770627388,SP_7
0.8232138198564024,0.04717326441651785,0.4896934806656121,0.841676665552037,0.959304733972925,0.6756794189160075,0.13203343470469325,0.020653873534875123,0.17916208137869438,0.33220154004729274,0.16770987180039376,0.15757168116202888,0.04051243687040479,0.37379386396754755,SP_7
0.9844719440127946,0.03691074697454123,0.8665207617189823,0.965380908357757,0.9796523669864625,0.3040380413037456,0.10392136369545765,0.01341738323586249,0.17133544593238498,0.29586289132763394,0.14064442984034445,0.10357693616785163,0.07345340237870782,0.3344098302548147,SP_8
0.9843018046119122,0.03691074697454123,0.8667110725203098,0.9436259564507562,1.0,0.27791542273244896,0.11129861555442826,0.015167204537426683,0.13616137197202663,0.2574021301966491,0.11426534970412802,0.08640647869273102,0.06025721335615484,0.2681461935331416,SP_8
0.988453205993444,0.03691074697454123,0.8821738251281626,0.9502940655795747,0.9622044373746914,0.2549346998656038,0.1335527305263748,0.021088310012538004,0.14920755989422999,0.28058368196608663,0.1298627137412694,0.10519755668619304,0.042417604651668585,0.30737269111102355,SP_8
0.9824756417091071,0.03691074697454123,0.857790253708087,0.9429768484824644,1.0,0.29417633601099785,0.06034102583057812,0.005234570922566944,0.07679098250938199,0.1604842458416702,0.05838938389995234,0.041827572743531216,0.031055566403479236,0.19480524595329052,SP_8
0.9854927804180892,0.03691074697454123,0.8697560453415485,0.9338893369263753,0.9902138953767127,0.2629882121202794,0.11301674539304131,0.015590537207353771,0.08728395281179822,0.19181470927059963,0.07477592509486104,0.05844992891599773,0.02892642190814572,0.18864558308061913,SP_8
0.9866610709708153,0.03691074697454123,0.8726107073614597,0.9547001317885876,1.0,0.2750813045663927,0.10392646200358409,0.013418354819039373,0.11223976975794525,0.22799975747286727,0.09570023494693201,0.07654742192770611,0.03105590783139702,0.2527667283683195,SP_8
0.9869106087587763,0.03691074697454123,0.8797711512614037,0.9499990165030784,1.0,0.27009274363156976,0.0979869330362719,0.012085897890744277,0.1998517625550706,0.3436003152852725,0.17664369068145724,0.1404891905626429,0.06665557253552463,0.36572013705643736,SP_8
0.9828726336444994,0.03691074697454123,0.8574215265305152,0.9232872401109383,0.9738363904492056,0.3115785909944292,0.1903070965899966,0.04054634509354729,0.18433315503902273,0.3347076537520968,0.16966892073076695,0.14067189099686092,0.06409486315210555,0.3273600882202355,SP_8
0.9860712543810896,0.03691074697454123,0.8799019899373164,0.9190778732862567,0.9836265121764948,0.28398120505165525,0.0845528911230808,0.009324242109256,0.12908346489945224,0.2515289314658744,0.11044589898810259,0.08536779289078777,0.04688689609552935,0.2583159387184435,SP_8
0.9855835214318932,0.03691074697454123,0.8704459219963605,0.9694919254902733,0.9883680469254859,0.3048203092138336,0.04554063733949889,0.003295568496704189,0.24792120145587268,0.4115887548252794,0.23405355011622303,0.19583388876520894,0.10443457163890078,0.39250127998109563,SP_8
0.9881242698184046,0.03691074697454123,0.8957453641478239,0.9467928165384841,0.9912843200609764,0.2451114667651555,0.09615664041887699,0.0116889367641897,0.10417074023380793,0.2170334889549102,0.08913533693557509,0.0702408736058096,0.031073320655204274,0.22456776023000274,SP_8
0.40961627893787644,0.01105294098073361,0.288023503383964,0.8227738547178348,0.994184023462743,0.5573389554030346,0.13933421194176712,0.02278302866821333,0.4173869810679452,0.5661189595586007,0.39038843355281166,0.3070544697661231,0.07250036968581475,0.5616950888109961,SP_9
0.4790331544979186,0.015051521235178632,0.2560274999107918,0.850606817600661,0.9902138953767127,0.7143952684333096,0.16338802968234992,0.0305362624197304,0.30135024274420263,0.47626265688473896,0.29520088587914756,0.2506880024684858,0.14770373166032744,0.4271986136820133,SP_9
0.48915077753706204,0.01479086482469471,0.24183745078681623,0.8823934381085387,0.9971002965982336,0.6651765104182696,0.07713485279909861,0.007950284699548381,0.20826014378816696,0.37039956345116104,0.1984294263043306,0.16491353194449423,0.14254134154335457,0.305923358670395,SP_9
0.5357122602452277,0.017558259480683687,0.34950578663780285,0.7958457090029311,0.9738363904492056,0.4634539821283842,0.22978329641308531,0.012231694221300335,0.5917545075872039,0.641464055457871,0.47901803019714145,0.3029572433617151,0.09699199790582991,0.7605056909928716,SP_9
0.602236765990268,0.02137382565968255,0.3639813019637696,0.8104604732587187,0.9902138953767127,0.5521323853785151,0.12185211337617612,0.017854326009488452,0.2868981691705975,0.4725843287051072,0.29154677333526,0.25704868425237287,0.12200445228833355,0.39959040604938756,SP_9
0.4800313056497625,0.014935057732621985,0.31200266435121865,0.7923444599618404,0.9622044373746914,0.5956187867409436,0.1289948430613301,0.019797492363252133,0.2506467881976708,0.44117706501748216,0.26123014378863396,0.24430025395360355,0.06713015734125163,0.38332480012602893,SP_9
0.35595431189954974,0.015301085883514316,0.33313905772364494,0.921534317502631,0.9902138953767127,0.4920131728786433,0.2527052897495966,0.012231694221300335,0.33755314490156374,0.5196750136421513,0.33971714667996783,0.3002641036276863,0.14474013733391708,0.46874876924894643,SP_9
0.3956535054387895,0.011807180806814775,0.1942835393051277,0.9025354550640258,1.0,0.7535599601941049,0.05345830985987301,0.004279782254885492,0.10401453071698552,0.2855150669981204,0.13330841682447894,0.15171173390155424,0.013446421543500701,0.15559450198889374,SP_9
0.4192461690278235,0.011640804374590981,0.3203168674842102,0.8185054780778537,0.9912843200609764,0.5920665209852984,0.14960730281656034,0.025957329704682994,0.5046865548314257,0.6077527840093777,0.4384198672570675,0.31463653778617146,0.08465645032097768,0.6822890000393841,SP_9
0.3900729330898449,0.01182936433111128,0.2641276033922901,0.8243671197309154,1.0,0.6218568218891384,0.12350396520914535,0.018295702366986206,0.4693508848191821,0.602578871844621,0.43230652307717965,0.3331434151041832,0.08465645032097768,0.6089559292662755,SP_9
0.6961877431575604,0.028943953325864878,0.42455960891130334,0.921534317502631,0.9902138953767127,0.5233808336667589,0.16035453634711322,0.02949805639643381,0.12905114568907516,0.2768649325976677,0.12733401228504299,0.11356117656372963,0.03195283897142928,0.235264463786381,SP_9
0.4522191849188435,0.015728118726222033,0.2580257633247297,0.8562520899309586,0.9912843200609764,0.6948000984888122,0.10728114875078705,0.01420117326441274,0.22881516158797208,0.35920289415711715,0.1891899402142727,0.1347747269812678,0.19206204673950167,0.375644913552046,SP_9
0.5459092816714495,0.019260844970440456,0.29668264484436146,0.8870748834556149,0.9971002965982336,0.7259753983154309,0.08657691944928074,0.00971856608147333,0.21709944782629068,0.3959457547646476,0.22022905589124914,0.1946192692117965,0.1182282595175849,0.3022409515182545,SP_9
0.49231537039347584,0.015278902359217812,0.3440105622494737,0.7833749680363501,0.994184023462743,0.5341786956387923,0.1414245182736109,0.023413169757219545,0.30699533149006103,0.45593079892479643,0.27530472936642136,0.20770603364800663,0.07250036968581475,0.4318459296601158,SP_9
0.3769495139684448,0.007254012444957124,0.32943989152284325,0.8298156926768822,0.9902138953767127,0.5996198947400818,0.22928366221669338,0.012231694221300335,0.5862063764724768,0.6170900786192122,0.4494933566010918,0.2710083507631803,0.09699199790582991,0.8163522507975267,SP_10
0.3972074453001826,0.010038044744168508,0.3091004246309754,0.8456696630539547,0.9622044373746914,0.6432217126794085,0.24726029667054988,0.012231694221300335,0.23533734654850982,0.6221023060288202,0.45549554906861817,0.20077356717184464,0.09699199790582991,0.9395848922846679,SP_10
0.49515102707485004,0.013154829907827452,0.34203608768570176,0.8368181907590629,0.9902138953767127,0.5549665035445712,0.22170757634079133,0.012231694221300335,0.42086129618347834,0.5708886598354856,0.39576539763830404,0.31221406536209534,0.07250036968581475,0.5558268677877989,SP_10
0.23214954119074896,0.009516731923200634,0.25442175252459176,0.850803516984992,0.959304733972925,0.6525063350876652,0.2197192361714765,0.012231694221300335,0.38673221002531133,0.45597122011358343,0.2753186233304666,0.15522702558956417,0.09699199790582991,0.5929266275451932,SP_10
0.5978244841940498,0.020153731823374786,0.37986035944952606,0.8439977182871418,0.9902138953767127,0.4735465205749284,0.09409400271269304,0.012231694221300335,0.6209495276278076,0.6389579417530669,0.47597525207124275,0.27750436620204366,0.09699199790582991,0.8051278011893978,SP_10
0.5021267425110307,0.018722894506250205,0.2799947664529635,0.873955034520742,0.959304733972925,0.6417341212438316,0.258624425484403,0.012231694221300335,0.24413280339482518,0.8974110228581822,0.21336631914308646,0.169531936299967,0.06804185609459877,0.8836201803788744,SP_10
0.43562492201944125,0.013493128653349153,0.23003818110451635,0.9034009323550817,0.9680204139119484,0.7642167574610405,0.23739507044587255,0.012231694221300335,0.49141413243658294,0.7959942601911922,0.6845097584256472,0.169531936299967,0.08959611433178169,0.5028947264778859,SP_10
0.12854598868005854,0.006810341959027029,0.1752643535974689,0.8979720293475483,0.9902138953767127,0.6797061750433453,0.19315195252455472,0.04168587336243299,0.5631520064035129,0.8177004385698983,0.21188413497128572,0.169531936299967,0.14224088497570006,0.5889488401402072,SP_10
0.390027562582943,0.00720964539636413,0.14444589820751014,0.9248018253702867,0.959304733972925,0.8129994972966872,0.18073247392852682,0.03682518152608985,0.6060288255037353,0.7558560197255402,0.6281975221504522,0.16377732924078217,0.07250036968581475,0.7156866606277815,SP_10
0.4900581876751018,0.014990516543363246,0.2440973915525793,0.8918350085564232,0.9854683435237197,0.6603418382526444,0.19731727026386292,0.04338475594600923,0.24413280339482518,0.9179045655732734,0.21336631914308646,0.169531936299967,0.08465645032097768,0.8009137095821354,SP_10
0.23207014280367053,0.00588417981964795,0.19380776230180918,0.9220677039280868,0.9883680469254859,0.7972515465821304,0.09409400271269304,0.012231694221300335,0.563690659909797,0.7342711049131956,0.5987840002667641,0.16377732924078217,0.06804185609459877,0.6599976369579773,SP_10
0.3046175833399498,0.0022460818350211256,0.14947724001760376,0.9171502193198137,0.9902138953767127,0.7600745847568044,0.24469584768294644,0.012231694221300335,0.23395626170015388,0.8651144930172394,0.21336631914308646,0.169531936299967,0.08465645032097768,0.7113938009530937,SP_10
0.27697560200991345,0.002811761704582,0.18379265638195375,0.8925037864631485,0.9902138953767127,0.6599827644578498,0.23851669823369115,0.012231694221300335,0.24413280339482518,1.0,0.21336631914308646,0.169531936299967,0.09699199790582991,0.9810562797841755,SP_10
0.44847611809942944,0.005823175127832557,0.6525876321767987,0.8919612999823232,0.9836265121764948,0.1157936043827521,0.12475134740172839,0.020526484085034075,0.059139307108448724,0.11246387356252147,0.03641330096965975,0.021964313868519294,0.03274836601987814,0.18959473829309598,SP_11
0.48983133514059185,0.005795445722461927,0.6330450917654895,0.8919612999823232,0.9836265121764948,0.10137935633457468,0.12475134740172839,0.020526484085034075,0.08731088548711244,0.18717839891671212,0.07225139182784823,0.05693757532163735,0.02287392920949638,0.21664763105037216,SP_11
0.35975409185259133,0.004902558869527604,0.6906735812924483,0.8919612999823232,0.9836265121764948,0.09692940609194342,0.12475134740172839,0.020526484085034075,0.08685841654183371,0.16082378382748236,0.05855750086489926,0.03757471263590036,0.05354815477159684,0.23061714780827852,SP_11
0.30390299785624364,0.0032720698337344936,0.6218524377624208,0.8919612999823232,0.9836265121764948,0.07524391369917824,0.12475134740172839,0.020526484085034075,0.15271419422014013,0.26472644960488284,0.11910739617388016,0.08653842900633293,0.07079026461995197,0.3277145445236501,SP_11
0.1707065322187312,0.006932351342657801,0.587192083070665,0.8919612999823232,0.9836265121764948,0.15995968114247022,0.12475134740172839,0.020526484085034075,0.06961073127061358,0.15374199155197155,0.05507428407876766,0.041810656036659184,0.02238193157996213,0.18247804340120516,SP_11
0.14469788913716639,0.0022405359539469996,0.5917476478774399,0.8919612999823232,0.9836265121764948,0.17890082381787775,0.12475134740172839,0.020526484085034075,0.17545614525545913,0.37828169526465777,0.20505684715389091,0.2150986345510881,0.03450330551731468,0.26139183175140795,SP_11
0.3106064902510124,0.004458888383597502,0.6828946272881902,0.8919612999823232,0.9836265121764948,0.09648056384845033,0.12475134740172839,0.020526484085034075,0.1272089506975832,0.22522686392206798,0.09402184409027185,0.06388695850467138,0.06948600997399719,0.2880626993816706,SP_11
0.3256694985424725,0.004985747085639501,0.6558348102244478,0.8919612999823232,0.9836265121764948,0.1266042904188852,0.12475134740172839,0.020526484085034075,0.12946590888891402,0.2563552214070616,0.11358176667310421,0.09010785415633338,0.040826550554770864,0.25774093182623764,SP_11
0.44218096026677867,0.006677240813248005,0.6713451405326325,0.8919612999823232,0.9836265121764948,0.11483179957526701,0.12475134740172839,0.020526484085034075,0.05525022879307678,0.09772630813072211,0.03043611763741478,0.016884565128983123,0.03513494716522472,0.19829467134023865,SP_11
0.4067125664961492,0.0032720698337344936,0.6947652635209878,0.8919612999823232,0.9836265121764948,0.08073261313389349,0.12475134740172839,0.020526484085034075,0.1021023107696766,0.20527900725560339,0.08231340058938195,0.06276368916836791,0.036162645197770245,0.23811192942381154,SP_11
0.4613499994328686,0.005828721008906683,0.6710120966303093,0.8919612999823232,0.9836265121764948,0.09386445477209074,0.12475134740172839,0.020526484085034075,0.11533702741907942,0.21171406051051955,0.08601892080023675,0.06455009341405535,0.05425491056142051,0.28976015123468946,SP_11
0.28077538196295504,0.0041316814002240534,0.6779108631784283,0.8919612999823232,0.9836265121764948,0.08054025217239644,0.12475134740172839,0.020526484085034075,0.17691589625748927,0.33753713696719817,0.1718641670499085,0.14947872859444494,0.05803451761134707,0.2967586940254421,SP_11
0.45942175288953424,0.006239116208392029,0.7163655394716497,0.8919612999823232,0.9836265121764948,0.08056590030059604,0.12475134740172839,0.020526484085034075,0.11018749989900245,0.2124093049576588,0.0864246245503566,0.0659710967913067,0.04833796474613349,0.25941869166240006,SP_11
0.30052289509204544,0.0018800536841287949,0.6928383666575477,0.8919612999823232,0.9836265121764948,0.06831891908528515,0.12475134740172839,0.020526484085034075,0.12375618172230149,0.24211079447846562,0.10443675953855368,0.08220436870571629,0.04020856602357239,0.26802410302863217,SP_11
0.1748465909735377,0.004958017680268871,0.6817170792049767,0.8919612999823232,0.9836265121764948,0.0673314661496004,0.12475134740172839,0.020526484085034075,0.09114609845185595,0.15953030578629318,0.05791698912241555,0.03754426256353069,0.07294808906037978,0.24993895474774525,SP_11
0.3762802989916405,0.0002883858158545666,0.6214718161597659,0.8919612999823232,0.9836265121764948,0.10707324079488678,0.12475134740172839,0.020526484085034075,0.12005024559906619,0.22423250267790373,0.09342301423992376,0.06915482102462464,0.05753944713055272,0.2719861368201331,SP_11
0.8695938205369599,0.08151890590858171,0.602190953100282,0.921534317502631,0.9709366870474392,0.418197859920183,0.09409400271269304,0.012231694221300335,0.32248161979573187,0.45738596172113427,0.27672191369903176,0.22020071334369537,0.12466076148873363,0.5815840258359262,SP_12
0.9059469391921781,0.08814068791108842,0.6216264436858445,0.9132359015716282,1.0,0.5376155448175391,0.10995776051717236,0.01484103018518778,0.33408421632109353,0.4825683623355362,0.3014809576275779,0.24838394699251398,0.1048613565361373,0.5721318577448703,SP_12
0.8071186325329219,0.05424980866710293,0.477632533631487,0.8975589606404532,0.9971002965982336,0.6168939090825152,0.1156678656187944,0.016253989719567367,0.4044269777067473,0.5396430809030093,0.3611277452736208,0.2850593674910967,0.14325492589153405,0.6436926470009059,SP_12
0.863797738280231,0.08134698359528378,0.5963507903845469,0.921534317502631,0.9854683435237197,0.48629364029013156,0.09409400271269304,0.012231694221300335,0.38486308235850514,0.5265870369247558,0.34706705365987855,0.28821940833479376,0.11490958015667375,0.6564924579575441,SP_12
0.9206583260551479,0.10066883325753961,0.6579995955895472,0.88093786266449,0.959304733972925,0.4598888923086393,0.22083576565116866,0.012231694221300335,0.2466176599706649,0.40689989692596856,0.22988536090266307,0.2101961728995709,0.05887784456828643,0.48572328777913437,SP_12
0.9004344226035866,0.08938851115276683,0.6241599562285158,0.8717520014162355,0.9854683435237197,0.5610066377355779,0.09306706569424934,0.011033256917391154,0.24733945566908574,0.3773115867337659,0.20423710327522412,0.15172188392567745,0.10622365392811625,0.45799692804537045,SP_12
0.9161553032451256,0.08636046008629392,0.6124915252221286,0.9378036546745608,0.965120710510182,0.6369250972064058,0.03546485098919923,0.0022191931343158084,0.11383957067160932,0.2703167000141474,0.12286015586248866,0.1292801805892292,0.012884431190819659,0.23936828009924777,SP_12
0.8884566087814617,0.07449782046873787,0.5871563997954159,0.8883730993921989,0.9738363904492056,0.4916028028274496,0.1469510842826808,0.025116216268696714,0.49132256134051466,0.5957881121283777,0.4243591756433253,0.34748878253167315,0.1711632438916241,0.8411641920365485,SP_12
0.8571849868992661,0.07256785385494194,0.5708134597314238,0.82942229390822,0.9796523669864625,0.47986878417613077,0.09716669960633195,0.012231694221300335,0.3821644282920213,0.5673720164110025,0.3917778299573317,0.379562858761061,0.08518486563394509,0.5986766964672522,SP_12
0.9263409820446219,0.10435684417183358,0.664945939837998,0.8748598516886642,0.9902138953767127,0.45133524155407134,0.16759923219479614,0.03201029289665685,0.22975241868890658,0.3870530932314719,0.21253179981020845,0.1880183701903265,0.05265019934781122,0.4535465322358316,SP_12
0.867450064085841,0.06469824861075679,0.5503193653134777,0.8746041424890342,0.9971002965982336,0.4767525365998788,0.23567184229913302,0.012231694221300335,0.36210497171799766,0.5359647527233775,0.3571401775926485,0.3403160988179282,0.08309532677707512,0.618762553660746,SP_12
0.8569467917380307,0.06532493317213303,0.5490585562546835,0.8934086036310708,0.9912843200609764,0.5741769515660746,0.2129129948226681,0.012231694221300335,0.29823143894281706,0.4400048505426544,0.26014641459310833,0.2043903591010868,0.10516522738296968,0.5228230475365286,SP_12
0.6811814479997278,0.027590758343778075,0.27311978875501053,0.9884930860166407,1.0,0.9554492013172877,0.006146520277245994,0.00020948721269539424,0.2426208509540361,0.3718951474362861,0.1996659891043534,0.14999976316610378,0.09013215616271075,0.4688275373163719,SP_13
0.6983995553690323,0.029786927249132074,0.3029510068630833,0.9848148075296524,1.0,0.9171950181075785,0.012352180928758788,0.0004954935404500682,0.22466752958958372,0.35119949877725903,0.18270145900516438,0.13285975576335285,0.08791628897625878,0.4327123784017959,SP_13
0.7211301793269286,0.03070754350743702,0.32963020232417073,0.9864867522964654,0.994184023462743,0.9002416053676401,0.009046947770382395,0.0003338359795765999,0.22452747967794986,0.33879019381960024,0.1728506384971177,0.12135977843174006,0.09450243351041264,0.4665038793273207,SP_13
0.7058176332475075,0.029132513282385177,0.28815434205987656,0.9821200259643189,1.0,0.9390985195900403,0.02534572901982477,0.001336718014513704,0.1231690494004517,0.32864447543402253,0.16498665484753458,0.19580005535146489,0.014740774779839596,0.169174116813044,SP_13
0.5927770153012034,0.01966569428885167,0.215098783200314,0.9872145400184899,1.0,0.9526663794076307,0.007113669328833226,0.00024914168607184303,0.4062745592333022,0.5041128559590937,0.3234334208189936,0.21725043966521157,0.07250036968581475,0.6529872789571108,SP_13
0.5708176899606412,0.01685393258426967,0.1849702044651672,0.9832215425165719,1.0,0.9571932740348608,0.010977167227055702,0.00042566446955160335,0.3502330484394938,0.45730511934355994,0.27662465595071534,0.1885326380792365,0.17865758668709728,0.6047812216927259,SP_13
0.5992082846545603,0.02039220470956222,0.20697489086864984,0.9854049056826454,1.0,0.9830465872600618,0.013207167201564162,0.0005407415569734224,0.1175939856104102,0.21234867317447803,0.08638850024383907,0.061034801726045425,0.04138307806076728,0.3046591311882163,SP_13
0.6624887991561087,0.02694743613917943,0.2769854769069737,0.9778516493243378,1.0,0.9058328973151539,0.01689885211592533,0.0007525466895336632,0.42568763159978473,0.5562157683057458,0.3793427321368778,0.289041560288775,0.17809764490192298,0.6336103343704462,SP_13
0.6643036194321881,0.027452111316924925,0.28559704066703934,0.9879619976789472,0.9971002965982336,0.9362900495521835,0.004674638721140387,0.0001526357170881369,0.27196669397639944,0.37476505184017456,0.20206964488417295,0.12831592829752292,0.16871179144189757,0.50021661218542,SP_13
0.6576228122908704,0.02462925785019466,0.27135941384273193,0.9827297940557446,1.0,0.9313271367455602,0.004189279787502517,0.00013481410567219005,0.17877425085416979,0.3050789223711069,0.1472996386179952,0.11339539283638364,0.05450756722058453,0.380804221968414,SP_13
0.6197951521613376,0.021950597291391684,0.2428603713439511,0.9831035228859734,1.0,0.9394062971284356,0.020566065151279546,0.000989127193104391,0.34034337006411597,0.42658501586531655,0.24765574091647366,0.15835323301951712,0.06804185609459877,0.6314442125162459,SP_13
0.6312625477808151,0.021750945572723134,0.2360686546215789,0.9786187769232283,1.0,0.9253895950673519,0.03021053463408168,0.0017361774978088371,0.6171789530838182,0.5845914428343337,0.41141000115319903,0.20605496305729554,0.09699199790582991,0.9215863888779489,SP_13
0.5966902215215,0.019454950808034867,0.2057973427854365,0.985109856606149,0.9971002965982336,0.943125275717378,0.01242304741171642,0.0004991855565222192,0.28822864333111947,0.39477354028981987,0.2192009025519044,0.1432398471000366,0.16256608892169178,0.5294001811665552,SP_13
0.9027596610823135,0.08032654147764456,0.5987177809760567,0.9526151183146797,0.9971002965982336,0.620330758261262,0.03446099411910158,0.0021227288046111116,0.4601452963967851,0.6212130398755027,0.454439607801183,0.38132219627575314,0.1902012645875505,0.5980465519278485,SP_14
0.9034629039392942,0.08400346062979025,0.6016200206962996,0.9574932630460867,1.0,0.6208180726970545,0.025547112190819475,0.0013524021429405107,0.341533794313004,0.4439661270437963,0.26388389092126713,0.18090320327994647,0.1929122022547968,0.6101768343113702,SP_14
0.9034061908056669,0.08043745909912706,0.5988486196519691,0.9536969649284998,0.959304733972925,0.6234085336452145,0.024810406666547706,0.0012956339258912719,0.47145702002875334,0.624285050223327,0.45812150827316095,0.38835954633452174,0.1550239462177281,0.6619274546099012,SP_14
0.9036670712203533,0.07800836318865978,0.5899753785400783,0.9455142705403333,0.994184023462743,0.6195997866075733,0.03212545916637564,0.0019060657561664617,0.5441375376316806,0.6861294690676853,0.5352191147599749,0.4397525018117793,0.07250036968581475,0.6629120554527195,SP_14
0.8414981341379038,0.05355657353283715,0.48378195139937913,0.9610338519640435,0.9971002965982336,0.7705005488699435,0.020406997937734365,0.0009783287400813331,0.22352019762119837,0.42468521999231995,0.24593288937486887,0.24226009910483554,0.05040018936958032,0.3326375487377417,SP_14
0.9027369758288625,0.08205685637277196,0.6132051907271061,0.9370561970141033,1.0,0.5540431709293856,0.04000897302230255,0.0026802787505445895,0.32059094598867427,0.4178136178985024,0.23966671159048372,0.15679012930454064,0.17776304554248953,0.5978890157929976,SP_14
0.9311615984029581,0.09994232283682908,0.6543480070890775,0.9548181514191861,1.0,0.6457737014352692,0.019860969137391757,0.0009416306555145391,0.25422344747939785,0.410254855595303,0.23284477524429065,0.18635376623411776,0.10090420696896034,0.4122326808711748,SP_14
0.9340653108446854,0.11258138580476279,0.695669239827293,0.8930742146777081,0.9912843200609764,0.4506555661567818,0.14470273039891712,0.02441667638134179,0.18135978768433397,0.299864589017563,0.14352048039770082,0.10103266345429682,0.08236467103300621,0.36032452443779295,SP_14
0.8843165500266551,0.06914604523220605,0.5581815802933165,0.942957178544031,1.0,0.6420803709745262,0.02705009342649642,0.0014714904809068848,0.3111052577430095,0.4761009721295903,0.29504805227465036,0.2580095532027048,0.10413411507124627,0.507305738253712,SP_14
0.8824450166169483,0.06643410938695829,0.5333935984204203,0.9668168138633727,0.994184023462743,0.7229745673160772,0.012780438811380438,0.0005179787511150479,0.5223759359777989,0.6571070555185028,0.4984140040042405,0.4172532816719661,0.16301335949399565,0.7400259934622504,SP_14
0.8681419643160965,0.06063866366449638,0.5245322517336124,0.951631621393025,0.9971002965982336,0.693261210796836,0.022767004769467247,0.0011436921967866221,0.5197903991476347,0.6619171769841752,0.5044161964717668,0.4319031498231527,0.16536238356838542,0.7246662203142845,SP_14
0.8974626544015062,0.0774870503676919,0.5769034053739013,0.9665611046637425,0.9971002965982336,0.6594313297015583,0.018513996130384132,0.0008535219411310259,0.3160070046501957,0.4599324966147254,0.27916725137098697,0.21897932710753407,0.10928967662986336,0.5371194517742507,SP_14
0.33587786259541985,0.0017635901815721486,0.4484674033280602,0.9136036154181529,0.9836265121764948,0.2903419408451571,0.10448540666359628,0.020526484085034075,0.22774862764552936,0.37500757897289755,0.20227805434485097,0.19182801257790988,0.06263355166396774,0.5197117088732228,SP_15
0.5060626339847781,0.010326430560023074,0.43579984061470384,0.9136036154181529,0.9902138953767127,0.3456521293076031,0.09716669960633195,0.012231694221300335,0.5332028714541113,0.5894015643000061,0.41695369280723377,0.3119433980521427,0.07250036968581475,0.9132763577645624,SP_15
0.4226149291652961,0.006466497332431202,0.4212291698880735,0.9136036154181529,0.9836265121764948,0.297472120484647,0.10448540666359628,0.012231694221300335,0.5183360346806674,0.5895228278663676,0.4170648445195954,0.3340230838615293,0.07250036968581475,0.9103225552361073,SP_15
0.5513764277531391,0.004514347194338769,0.48740975104968304,0.9136036154181529,0.9836265121764948,0.204728488914879,0.10448540666359628,0.020526484085034075,0.5651450243767644,0.5915438873057257,0.41942681840727936,0.2928342859694863,0.08465645032097768,0.9814107360875901,SP_15
0.47541485657248506,0.012616879443637215,0.407003437488849,0.9136036154181529,0.9902138953767127,0.3922676023103833,0.09716669960633195,0.012231694221300335,0.20452727498961745,0.3636088037349178,0.19281626483006986,0.18340010921425956,0.04237321902235598,0.4313339372218502,SP_15
0.29710876444767087,0.0037268320818128406,0.4955098545311813,0.8919612999823232,0.9836265121764948,0.23687841761308254,0.09716669960633195,0.012231694221300335,0.33471444092344604,0.44194506760443814,0.2619526299189843,0.1938241839888106,0.13637173906890354,0.6629514394864322,SP_15
0.47622018306999536,0.0037989285357764788,0.534131052775564,0.8919612999823232,0.9836265121764948,0.24883044535409798,0.10448540666359628,0.020526484085034075,0.46485851457677185,0.5223832332908911,0.34259319723732423,0.23983085999801057,0.07250036968581475,0.8274585483045174,SP_15
0.44740991118723283,0.003887662632962502,0.4316724751109155,0.9136036154181529,0.9836265121764948,0.26931047572148187,0.10448540666359628,0.020526484085034075,0.4292481312763233,0.5607025202611209,0.38431677126505936,0.32940820622683675,0.13299160268279037,0.7371903430349337,SP_15
0.3693499540623617,0.004270328427077204,0.46134906569290973,0.8919612999823232,0.9836265121764948,0.23904568444594915,0.10448540666359628,0.020526484085034075,0.5197365337970062,0.5626023161341176,0.3864425477639749,0.2507455192718508,0.08465645032097768,0.8741680122878185,SP_15
0.2139899958032281,0.006155927992280132,0.5719553245393885,0.8919612999823232,0.9836265121764948,0.20821663435002513,0.10448540666359628,0.020526484085034075,0.3748979924922475,0.4418642252268639,0.2619109480268487,0.17502633931259975,0.06804185609459877,0.7762199204442519,SP_15
0.916643036194322,0.09363665605554752,0.6281445886313086,0.8742304136588054,0.9883680469254859,0.5471053522513927,0.193075477902658,0.04165533789115956,0.2732055970408531,0.49517977323713086,0.31426340454916174,0.3191262317900109,0.10087347845635931,0.3409475798511283,SP_22
0.89435477467872,0.07407633350710427,0.5676733315095215,0.9322370620979957,0.9902138953767127,0.6117001631220953,0.10556301891217398,0.01379727225802329,0.2201751593471735,0.40791042664564764,0.23076068063751065,0.218099658350188,0.08138135862977329,0.3248788940963333,SP_22
0.9094177829701803,0.09047550384329558,0.6196757579722385,0.9469698459843822,0.9854683435237197,0.5697911216439423,0.08791777448653663,0.009983114300778584,0.2646033005454944,0.541583297964793,0.3632118398804008,0.44296667611746693,0.054463181591271934,0.2873065259343862,SP_22
0.8762973129317287,0.07651652117971983,0.5743817872563131,0.8264324632663901,0.9738363904492056,0.5581340473772223,0.23501925885894764,0.012231694221300335,0.31168700352979645,0.5704440267588269,0.3952374270045865,0.44438767949471825,0.08762607524613795,0.356031664763105,SP_22
0.939759309460885,0.1170624577126568,0.7154615631653445,0.9136036154181529,0.9836265121764948,0.3344182491561766,0.12475134740172839,0.020526484085034075,0.2567389593537451,0.4661977808767355,0.28528059555087487,0.2821564605918547,0.08508926581696412,0.34693395297546376,SP_22
0.9078525004820618,0.09421342768725668,0.6343296896744497,0.921534317502631,0.9825520703882289,0.44491038544007055,0.10448540666359628,0.020526484085034075,0.20034732378085202,0.35394813961478605,0.18491059928835116,0.1535962550470995,0.10214700458971307,0.3309440352880942,SP_22
0.8432222134001792,0.060622026021273985,0.5047875060958928,0.8857569975805976,0.9796523669864625,0.5846798600638125,0.158850535449811,0.02898866921655433,0.18977894198755602,0.41433739566280653,0.2365405696803138,0.26366988332208935,0.03226695265579535,0.2564648891339451,SP_22
0.8858591472613228,0.0775868762270262,0.5754047078134479,0.8780070418379592,0.9767360938509717,0.5564540949801483,0.1354187113006549,0.021628232663690912,0.21095341131958797,0.4906121789041816,0.309622820558065,0.409606930165804,0.023700184770546272,0.2439722736402662,SP_22
0.853872939895421,0.06217487272202934,0.5134228587061245,0.9384134227659869,1.0,0.732118125019236,0.12777634741910898,0.019458826227310464,0.11757243947015886,0.2568887810990521,0.1139291157742342,0.10177699855666658,0.03315125096286941,0.2196447560159111,SP_22
0.8503226977303404,0.05740541499828077,0.5023967266542171,0.9034009323550817,0.9825520703882289,0.6066218337385736,0.13210990932658997,0.02067608115034671,0.1400558368224614,0.3502698114351543,0.1819511849467236,0.21059202384037665,0.021354916403252183,0.18914576030877084,SP_22
0.963488084570625,0.03602715108992567,0.7554387258691853,0.9136036154181529,0.9902138953767127,0.3217224256973725,0.12475134740172839,0.020526484085034075,0.09530450352036998,0.2751268214798197,0.12612523741311063,0.14885957712292827,0.012835265570658012,0.13876964278681425,SP_22
0.9265564919524064,0.10704105061171068,0.6652314060399891,0.8653592714254804,0.9912843200609764,0.4852420670339478,0.13875300481535202,0.022610919648308542,0.054603844585535743,0.15272337759453503,0.054579658958758534,0.050079542355712325,0.014204391520992747,0.11745106533811193,SP_22
0.5684357383482866,0.013138192264605074,0.2655192511269968,0.8969098526721612,0.9902138953767127,0.7213715593036019,0.10919811260633157,0.014659205333514178,0.0674453441753511,0.2588370823985933,0.11520736046639257,0.16575598394672184,0.0020201948467669793,0.08028041432003467,SP_23
0.567233419915384,0.01236731479530153,0.2870838438024098,0.8780660516532585,0.9902138953767127,0.6711909964810767,0.1149082177079536,0.01606244903612495,0.042467981088952694,0.1486772165969401,0.05263311459602604,0.05761424359651895,0.005983148688546346,0.08187152928202908,SP_23
0.5750258044758005,0.008501835686635532,0.44173515873110275,0.8460630618226165,0.9836265121764948,0.4785479055738512,0.10448540666359628,0.020526484085034075,0.04826927935163354,0.17378281695264658,0.06514879740794206,0.07380691541443563,0.006392179334057821,0.07518018195423574,SP_23
0.4142440706418793,0.008363188659782382,0.3789088054428889,0.84958398080214,0.9902138953767127,0.4983610846080453,0.09716669960633195,0.012231694221300335,0.11581104250460952,0.28935507993290077,0.1360038458492477,0.143409014168757,0.020795998901831248,0.18324603205860346,SP_23
0.5119154293751347,0.010038044744168508,0.44294839008956505,0.8398670312161923,0.9836265121764948,0.3977050054886994,0.10448540666359628,0.020526484085034075,0.11899448472674914,0.2765011418985832,0.1270700269681842,0.12042597621240347,0.03407652062007817,0.19151274073490604,SP_23
0.5787575286684892,0.01317146755104983,0.4692707527981636,0.8163024449733473,0.9836265121764948,0.5119417684897356,0.10448540666359628,0.020526484085034075,0.0825114827461202,0.23537258230764568,0.1002254990364536,0.10624300917088514,0.014390128308270076,0.12703320074041985,SP_23
0.5322981296008529,0.007503577093292808,0.23286905427426163,0.8803477645114973,0.9902138953767127,0.6346039416043416,0.19600700507536573,0.0428462212708233,0.09622560101611596,0.24369530507892234,0.10543851434621257,0.1014894145398419,0.0332844078508072,0.14785160096097044,SP_23
0.4430770277780929,0.0056457069334605245,0.1702092229372093,0.8847538307205097,0.9767360938509717,0.732118125019236,0.11783974488066136,0.016807792130390017,0.04562987717084095,0.16206471432324826,0.05917717166131517,0.06412040905950553,0.008519616689802391,0.07014296404237723,SP_23
0.549799802638295,0.012134387790188224,0.3696073650280114,0.8993095851609986,0.9902138953767127,0.6031593364316272,0.09716669960633195,0.012231694221300335,0.060222000656079966,0.16761858566260435,0.06197819481282746,0.055834606033580335,0.02196743808776603,0.10566342404789099,SP_23
0.5880017694497692,0.010836651618842681,0.43538353573680016,0.8030055665925767,0.9836265121764948,0.4681988858453109,0.10448540666359628,0.020526484085034075,0.09362390458076326,0.2847470644111643,0.13278044619076135,0.16424701369373587,0.008319881357895702,0.12591469418297824,SP_23
0.6050157095380148,0.012688975897600853,0.4070985928895127,0.8336119907944689,0.9836265121764948,0.638079262975388,0.09716669960633195,0.012231694221300335,0.023232125726037594,0.10422603528769783,0.03302734193184455,0.03638039313073434,0.005226544422725455,0.036347524713481155,SP_23
0.599979583271894,0.02560533291924088,0.29374472184886946,0.9309978559767108,0.9854683435237197,0.8053948272855046,0.08857545623484844,0.010114139232060934,0.29089497818722626,0.3791305402291881,0.20576543932019614,0.11864633864946483,0.09699199790582991,0.46874876924894643,SP_24
0.4962285766137722,0.016022050423150726,0.175537925374377,0.9617026298707686,0.9971002965982336,0.9028448903799,0.04703953992867467,0.0034725354324933806,0.08137492384786055,0.17505204228056348,0.06580876070008906,0.047687520004005876,0.041171392751737965,0.1720649048875586,SP_24
0.3711534317117158,0.010919839834954585,0.1031365598943775,0.9789728358150239,1.0,0.967734654724898,0.03813789393989604,0.0024856845199748272,0.12947668195903972,0.2798561005679177,0.1293764249996874,0.11495172986861132,0.03774687073631218,0.22179118585325508,SP_24
0.5894989961775349,0.023292700511330235,0.22855137796914593,0.9622730580853284,0.9971002965982336,0.9056277122895571,0.05377950327183923,0.00432267071226499,0.12523747886458303,0.20647143232482468,0.08299559422400127,0.0502791594968024,0.10467698546053113,0.29285967468788154,SP_24
0.5950341980195775,0.026548132701842343,0.2718946629714653,0.9247428155549874,0.9971002965982336,0.835031239420147,0.07444804441646038,0.007479205656357388,0.10292645063429143,0.166640392893955,0.06148079090000931,0.032635034229264684,0.10662312459192962,0.25733133787562523,SP_24
0.5277043657770266,0.018656343933360693,0.22016580828565657,0.9147701567694094,0.9971002965982336,0.8163978742831347,0.12256077820575241,0.018043090740996925,0.3399555395395913,0.3986539744133874,0.2225910297789331,0.11673813411429873,0.09699199790582991,0.5758339569138672,SP_24
0.37270737157310896,0.011319143272291672,0.11294946058782249,0.9550738606188164,0.9854683435237197,0.9266207052209328,0.06801397956088272,0.006407410614660021,0.08408435098447008,0.1645142383637503,0.06040817687571988,0.03914796637500008,0.05285847037766264,0.19488401402071598,SP_24
0.6376484466272699,0.026642412680102485,0.27005102708360595,0.9590668581207341,0.9709366870474392,0.8886101792291198,0.04875257145916128,0.003680315434749397,0.013884871431487849,0.04331938802320176,0.011512538607852589,0.008836272667541372,0.01021992772039266,0.04693395297546375,SP_24
0.0,0.004869283583082848,0.07956180937994362,0.9637483034678104,1.0,0.9505119366388639,0.06769278614891647,0.00635619430147868,0.15074272238713995,0.2169688150528507,0.089095044439844,0.0452887309695506,0.06804185609459877,0.33862392186207707,SP_24
0.47156970611254156,0.016704193795268253,0.18036706195806024,0.9476582938295403,1.0,0.8877766150626326,0.07600812670315354,0.007751526541077698,0.26064419727430554,0.3604559510095192,0.1902180935536175,0.11377771041169174,0.09699199790582991,0.4014020716001733,SP_24
0.46640881095244036,0.013476491010126775,0.13820132503895427,0.9789334959381578,1.0,0.9574112831245574,0.03841830088685069,0.0025144156224911904,0.2287128174217781,0.28021989126700214,0.12961262238845578,0.05920779738386512,0.09699199790582991,0.4614233389783781,SP_24
0.26686932159749555,0.007730958217331989,0.11079656964780607,0.9505891146560711,0.994184023462743,0.8142690796425677,0.07592655377313039,0.007736536400634377,0.15204626387234774,0.2653772307443562,0.11954088785209041,0.0819979848818774,0.11962128542216487,0.276105706746485,SP_24
0.6033029729024648,0.025128387146866014,0.2649958964233464,0.9610141820256103,1.0,0.8654370954007775,0.06721864349315679,0.00628068840887529,0.037722443698588876,0.06811374522524707,0.019521019483505778,0.009532225988257096,0.04304241774122284,0.12729313536292386,SP_24
0.6857071560632012,0.025621970562463257,0.3891142221640717,0.8416373256751707,0.9767360938509717,0.6783981205051655,0.22171267464891775,0.012231694221300335,0.4988260046830536,0.6115523757553709,0.44289372367962193,0.32128480358688316,0.08465645032097768,0.6538537276987909,SP_25
0.6790263489218833,0.02075268697938041,0.32158957096808727,0.9143767580007475,0.9854683435237197,0.7732961948437002,0.11338892188627202,0.015682143621174056,0.5347111012717071,0.8020170173204795,0.21046446633090085,0.169531936299967,0.1493152714322925,0.5250285534244418,SP_25
0.7968081848394452,0.030690905864214656,0.46093276081500606,0.8357166742068097,0.9738363904492056,0.6777953894924746,0.2199435617290402,0.012231694221300335,0.5002588230097695,0.7002364639544048,0.553517465407503,0.16164764952439128,0.07250036968581475,0.5418455358197787,SP_25
0.808967480689178,0.03473939904832681,0.4600287845087007,0.8664214481008675,0.9902138953767127,0.7013660193079109,0.21665005467935466,0.012231694221300335,0.2325933481327408,0.935285676751753,0.21336631914308646,0.169531936299967,0.07250036968581475,0.6222283486274665,SP_25
0.7208352710320656,0.03208846789489445,0.3615191559715962,0.8357166742068097,0.9883680469254859,0.7435828383244589,0.21069013247953666,0.012231694221300335,0.67099043836161,0.8893267851007496,0.21336631914308646,0.169531936299967,0.06804185609459877,0.6473159781024773,SP_25
0.7554416251715572,0.02952072495757401,0.37917048279471416,0.9067644918271406,0.959304733972925,0.739184184338227,0.18287376334163508,0.03764131139467059,0.652029834940406,0.8539986661007699,0.21336631914308646,0.169531936299967,0.07250036968581475,0.6620456067110394,SP_25
0.7612603926817373,0.03305899708286656,0.40719374829017646,0.8420307244438324,0.9902138953767127,0.7045976834610609,0.09716669960633195,0.012231694221300335,0.6709365730109815,0.8843549788799288,0.21336631914308646,0.169531936299967,0.08465645032097768,0.6220708124926155,SP_25
0.8097047514263354,0.03647525982452831,0.4600525733588667,0.9336729676036114,0.994184023462743,0.7408128404789018,0.10708741304198201,0.014155370057502595,0.6336617503761148,0.8660037591705572,0.21336631914308646,0.169531936299967,0.07250036968581475,0.6028514040408018,SP_25
0.7615666436033257,0.03501669310203311,0.38384499185231885,0.9218906744821888,1.0,0.8112938967714136,0.12208663554999273,0.017916784928002288,0.6628567704167185,0.7316033064532428,0.5951437816869218,0.4331549861316837,0.08465645032097768,0.8298215903272814,SP_25
0.6993523360139742,0.027518661889814423,0.2869648995515802,0.9782057082161334,1.0,0.927261908425923,0.012889542605286434,0.0005237804906569994,0.13053244283135673,0.28236221427272173,0.13112706446938258,0.13776560075624444,0.028925056196474563,0.28146587373478793,SP_26
0.8060864535009018,0.046330290493250666,0.4520833085532811,0.9605617734416491,0.9971002965982336,0.7767202199583474,0.06808025756652654,0.006418236827202419,0.09167397888801447,0.22048950059621253,0.09118330723583754,0.09255739331140478,0.02111455114912858,0.20178015832381552,SP_26
0.4981454805303812,0.013587408631609309,0.15717293304628122,0.9730915242235291,1.0,0.943509997640372,0.02280065360310181,0.001146148914248166,0.27973946407208045,0.5898057761878777,0.4173982996566802,0.16377732924078217,0.026487260863459598,0.32262612736796503,SP_26
0.20635640801696856,0.0017136772519050145,0.0,0.9802907216900411,1.0,0.9887148235921741,0.04397545674467928,0.003115686811384351,0.15007479203934757,0.25311344206633113,0.11147127353463834,0.07917289483424672,0.06159902507306644,0.36008822023551657,SP_26
0.4141760148815262,0.00837982630300476,0.07311503098497735,0.9704557524734948,1.0,0.8124608866044956,0.03073005223216676,0.0017815643119288888,0.17318841399400262,0.3250874108207522,0.16226343789467543,0.1424819786321692,0.04834479330448928,0.3306289630183923,SP_26
0.5358483717659336,0.014652217797841545,0.16179986440355404,0.9761010248037923,0.994184023462743,0.9521149446513393,0.023463943490352725,0.0011945892754955606,0.19750323326767147,0.3328482790678874,0.16822394847006616,0.13095493456956117,0.08546483652653224,0.37064314127052894,SP_26
0.23243310685888638,0.003504996838847793,0.03407752786269075,0.97303251440823,0.9971002965982336,0.9504606403824647,0.05137310183615567,0.004008849346132156,0.38376422920568537,0.6079953111421006,0.4386977465379715,0.4712852434212618,0.08746218984559913,0.5222716710645505,SP_26
0.4139151344668398,0.007481393568996304,0.053215657821179235,0.9832412124550051,1.0,0.9968709283596482,0.022347923841473202,0.0011135314790242758,0.09071517564682859,0.18540390872895574,0.07129270830872944,0.05137536210211059,0.04250979018947167,0.2057343153085739,SP_26
0.8585687873597768,0.05927437692026132,0.5306340918011729,0.9388855012883811,0.9738363904492056,0.6233828855170149,0.08575099353279612,0.00955645048853076,0.17522991078281977,0.30738293013197515,0.14899470223150957,0.12249319779216675,0.07072539331557202,0.35441691938088293,SP_26
0.5266381588648299,0.013421032199385514,0.12755581458970183,0.9865457621117647,1.0,0.9704405322499563,0.009287587913950757,0.0003448981480333831,0.1922890673268404,0.32185371571777927,0.15981810022272025,0.1165520503387063,0.11140652972015647,0.34161710842424475,SP_26
0.33195331374839787,0.0036935567953680776,0.04492524353835359,0.9757469659119967,1.0,0.9776091840817456,0.00699385908786169,0.00024413109283106664,0.23974444123047847,0.46680409870854306,0.2858780360048184,0.34474827601840263,0.03265959476125294,0.3972667480603363,SP_26
0.8036024182480178,0.03791718890380114,0.43671571134609216,0.9560376876020379,1.0,0.8030993198116401,0.08319164285331912,0.009064829401028549,0.112896927035612,0.286404333151438,0.13394753917055813,0.14775322449349687,0.012842435556931585,0.19836162419755032,SP_26
0.5507866111634133,0.013720509777388333,0.11687462086520048,0.9900666810912883,1.0,0.9278902875668134,0.028534210922105493,0.0015933547708072069,0.06870579338005614,0.11467895470805797,0.03734280716428362,0.023352160500301453,0.04963880511291039,0.2713520538773581,SP_27
0.6260903099939884,0.014890690684028964,0.2392682549688961,0.9878439780483489,1.0,1.0,0.010315916663055364,0.0003934079080791264,0.14256057562668295,0.245865922916793,0.10681540618309189,0.07796165862220866,0.06270183724752558,0.34201094876137217,SP_27
0.7902634892188333,0.0405071153654181,0.3829410155460136,0.9915025865969039,1.0,0.9140915945954264,0.029450886723240893,0.0016708038297643592,0.15539668868143544,0.2852725398653974,0.13315558321998175,0.11244129056880059,0.0501953326189068,0.3383088495923752,SP_27
0.692024999149303,0.026137737502357004,0.26428223091836855,1.0,1.0,0.9796610343377139,0.0006643095488762032,1.909854930556303e-05,0.11483069312317226,0.1959942601911922,0.07708510191917325,0.05261704838651833,0.06383879221376364,0.3194438974439762,SP_27
0.7737372820797841,0.03595394700356045,0.35871207165201674,0.9916599461043686,1.0,0.9446513393452545,0.010504044232921303,0.00040248527090313674,0.12750521012603952,0.23279775258190344,0.09863602954968273,0.07685192265140284,0.04409060144883571,0.32253160568705447,SP_27
0.7899685809239705,0.03803365240635779,0.35986583088506424,0.9974035681268317,1.0,0.9114241892626676,0.009168287503791865,0.00033940176320416585,0.14177414150750803,0.2549687746316619,0.1126772696137617,0.0893533690298404,0.05570256493284677,0.3338584537828364,SP_27
0.8382428002676859,0.0480495136262298,0.46260987475170384,0.9736226125612227,1.0,0.7860176664307038,0.03259042486750772,0.0019482602255624726,0.23129296771687938,0.284908749166313,0.13290549186716813,0.07554595288088134,0.07250036968581475,0.5714229451380411,SP_27
0.7288771933804431,0.031594884479297224,0.3353395263639932,0.9870768504494581,1.0,0.9552055440993916,0.013997404961163638,0.0005838520905076365,0.1600452684406681,0.2619010085086602,0.11722754283856462,0.08383852258955535,0.07754370883382256,0.38356110432830526,SP_27
0.7781268786225515,0.03579311645241078,0.35096880092300736,0.9666987942327742,1.0,0.9232736244908846,0.041023536339465747,0.0027889572687586585,0.2248452852466575,0.27832009539400554,0.1283343776962974,0.06503052788922128,0.07250036968581475,0.5261313063683983,SP_27
0.7676803194083686,0.029043779185199146,0.3827150214694373,0.9491335392120223,0.994184023462743,0.9152714084926081,0.06999722142207108,0.0067295598365947,0.2262781035733735,0.3406495685038097,0.17430950472186368,0.13370220776558045,0.11660989118726402,0.4925367256114371,SP_27
0.622063677506437,0.0196934236942223,0.1908222616059853,0.9913648970278722,1.0,0.8818518974485241,0.011942786786204996,0.000474313027194044,0.06878659140599876,0.1656339052931547,0.06097227181595499,0.05369971762632889,0.01554381324247982,0.17871292977826791,SP_27
0.9402130145299049,0.03602715108992567,0.7142483318068822,0.9375282755364976,1.0,0.4851779467134488,0.16619209915189645,0.031513397500480135,0.26913337653334457,0.39469269791224565,0.2191175387676332,0.1534406213438767,0.17257675547127144,0.44874168012287813,SP_28
0.9224958315846784,0.10418492185853567,0.6751751454093466,0.9282047247192117,1.0,0.5530557179937007,0.12375888061546773,0.01836371318936793,0.2460628468591922,0.3632854342246205,0.19252449158512067,0.1341082087305094,0.10745962299051318,0.4786735457445552,SP_28
0.9056066603904133,0.09278259037013212,0.6197114412474873,0.9408524951316902,1.0,0.6160218727237285,0.08282966297634128,0.00899570819787324,0.5305096039226903,0.6685866731340568,0.5128637266112483,0.4236477968695972,0.06804185609459877,0.7092276790988933,SP_28
0.8563002620146775,0.06361125592022804,0.5121263663720814,0.9703377328428963,1.0,0.7409923773762991,0.08917195828564291,0.01023475434359098,0.41090697938734627,0.6218597788960973,0.45520377582366894,0.43921116719187403,0.12103479700181219,0.5085266432988067,SP_28
0.9030999398840783,0.08644919418347993,0.5997644903833574,0.9762190444343911,1.0,0.6729478932627497,0.01982986945782042,0.0009395486915640778,0.4765042033826363,0.6420299521008912,0.47974051632749193,0.4065280895150928,0.06804185609459877,0.591036193926982,SP_28
0.9106768145367105,0.09207271759264393,0.6223401091908223,0.9706131119809597,1.0,0.6433114811281072,0.038107304091137356,0.00248235337765409,0.57893455413764,0.6646658178217022,0.507903581447112,0.3713413392212495,0.07250036968581475,0.809223740695522,SP_28
0.9070585166112769,0.09366438546091818,0.6213290830587703,0.9781073585239678,1.0,0.6619961425215186,0.010631501936082506,0.00040867564371584094,0.536757984595587,0.6232340993148608,0.45685715754504774,0.3196168162893,0.08465645032097768,0.7440037808672365,SP_28
0.9038825811281376,0.09551670973967633,0.6410500398463241,0.9468321564153505,0.9883680469254859,0.6114693299682988,0.09949093393357412,0.012416930158867592,0.3420024228634713,0.48135572667192134,0.3002860767196907,0.23013082027758283,0.13788085046553186,0.5508644795399945,SP_28
0.8610414799859352,0.06860254888694164,0.5418267458042416,0.9810578492889318,1.0,0.7347598822237952,0.037515900348469355,0.0024221152206874157,0.23813385078719734,0.77380302754704,0.6531093996834956,0.44638385090561894,0.09699199790582991,0.9054783190894412,SP_28
0.9116409378083777,0.10610379671018333,0.6551925112699677,0.9502940655795747,0.9971002965982336,0.5701758435669364,0.04461274526048531,0.0031885555496504892,0.3219321932193219,0.5457062592210835,0.36771348423104555,0.3718488404274108,0.08079751689035373,0.42188176913079434,SP_28
0.8521034901262434,0.06291247490488813,0.5143506238625957,0.9821987057180511,1.0,0.7883644701609676,0.03166814092743323,0.0018648428699473323,0.6154013965130803,0.6943753915802664,0.5458896791466884,0.3867017090610618,0.08465645032097768,0.7632231893190501,SP_28
0.925728480201445,0.03602715108992567,0.6947890523711537,0.9292472314561656,1.0,0.5168662091040596,0.10103572129588795,0.012760870603483762,0.37859315554535705,0.5747690939590533,0.400141996312542,0.3665031610558461,0.1340602720654706,0.49312748611712814,SP_28
0.8171455145582615,0.05238639262619652,0.4554256420015939,0.9490941993351562,0.9709366870474392,0.7348240025442941,0.06825360004282577,0.006446273941735295,0.0005257258221333799,0.008916914246447999,0.0021118825348703744,0.0031458308099245567,0.001472885894550875,0.025891063762750577,SP_29
0.8117577668636503,0.05517042492540789,0.46859277056843457,0.924900175062452,0.994184023462743,0.7589460671160217,0.1304427625692414,0.02020278134560856,0.022793123118415973,0.07141211423027952,0.020664492724425727,0.01703174047876987,0.011317277048167183,0.061545429482887645,SP_29
0.8265485521136986,0.05538116840622468,0.46590463049968484,0.9448651625720411,0.9971002965982336,0.734965067249392,0.0874079436738918,0.009881792055189478,6.6793034779241e-05,0.011212837769558809,0.002675977475105491,0.00411989479161662,0.0006282615115239258,0.022082627702729327,SP_29
0.7071560632011161,0.03500560133988486,0.3349351159111724,0.9463404079545231,1.0,0.8592943686969724,0.11315949802058185,0.01562523660652812,0.017925311382125646,0.0484084156915055,0.013071441373724011,0.010823309056731189,0.007692336844999134,0.0847111181127171,SP_29
0.8077765048830008,0.04900895105205364,0.4339918880020935,0.9419146718070773,0.9971002965982336,0.7471607522083038,0.10706192150134976,0.0141498181536347,0.0038470633418817637,0.017053699549303747,0.004154295249514753,0.0047214528879863625,0.0021676917072519183,0.040010239848765325,SP_29
0.8001996302303688,0.049635635613429895,0.43844040298312176,0.9432915674973937,1.0,0.7939172899161818,0.11312890817182318,0.015616908750726275,0.003454384935800584,0.0,0.0,0.0,0.010419663052299346,0.04947422314993502,SP_29
0.8256638272291098,0.06018390141641803,0.4873264900741023,0.9040500403233739,1.0,0.678039046710371,0.18835444457756692,0.03977324247994274,0.016581370883946563,0.0462175872592413,0.01239480532472278,0.009421590725313955,0.007610735572647513,0.06843369697924463,SP_29
0.7958213763143269,0.0502456825315838,0.44097391552579307,0.9117999960660123,0.9883680469254859,0.6507879104982918,0.17958025629194949,0.036389357072459994,0.0,0.0024697346348956095,0.0005710419222577107,0.0021216933758912565,0.0029154188472102897,0.03582765546847308,SP_29
0.7628710456767578,0.04503255432190512,0.41145195246987737,0.9122917445268396,1.0,0.7118048074851497,0.140379365107689,0.023096711236749463,0.016305580288729058,0.0405626629479173,0.010684458350758678,0.007608119748631268,0.007587518474237847,0.07716513725335748,SP_29
0.7828680965938092,0.047162172654369595,0.42149084723989866,0.9139243494167862,0.9883680469254859,0.6806423317226308,0.13054982703989682,0.020233316816881987,0.024868555078129,0.10784373168414885,0.03450010212063573,0.03775064638736958,0.003372590829130042,0.042329959434445286,SP_29
0.7790683166407677,0.04859855585256829,0.4308041820798592,0.8756466492259881,0.9883680469254859,0.6434268977050054,0.20877826693211857,0.01212550809195093,0.027800446112833898,0.11544291517613536,0.037665147130132255,0.0407178367727254,0.004093686591500854,0.045563388602260654,SP_29
0.836439322618332,0.058420311234845874,0.48538769878557925,0.9490941993351562,0.9738363904492056,0.6805910354662317,0.11530588574181656,0.01616238330574708,0.015623644949773249,0.0466177570282342,0.012518461604725058,0.00982488501714339,0.006577574693417361,0.0616675199873971,SP_29
0.444812449667094,0.011646350255665107,0.20437001177548086,0.8834359448454926,0.9854683435237197,0.42425081817528953,0.06756532844575526,0.006335929852360858,0.492846950763299,0.5573879827805734,0.38063487079308145,0.22781999811886217,0.09699199790582991,0.6622819109133158,SP_30
0.46738427685083317,0.011091762148252492,0.1764419016806823,0.8929365251086764,0.965120710510182,0.5624044607224564,0.08245238817498413,0.008924782625960867,0.23813385078719734,0.6669294043937832,0.510751844076378,0.2408154123379633,0.09699199790582991,1.0,SP_30
0.14600229121059857,0.005240857615049305,0.11723145361768939,0.9135899604634238,0.9883680469254859,0.5815892606157602,0.05088876256414309,0.0039469456180051135,0.23813385078719734,0.695062551789648,0.5467927868096263,0.29766231411076655,0.09699199790582991,0.9489976763420112,SP_30
0.4969204768440275,0.012489324178932303,0.17205285882506866,0.909419933515608,0.9854683435237197,0.6043647984570085,0.06259957633059468,0.005568240345027508,0.291552135464893,0.43066755593281997,0.2514210051727228,0.18622519926189024,0.1413736580645155,0.46807924067583,SP_30
0.2657917720585733,0.007553490022959956,0.16062231632034069,0.8868978540097169,0.9854683435237197,0.5130702861305181,0.08608238356101526,0.009620991370995053,0.5514632253171456,0.6246084197336244,0.4584966453023813,0.2963766443884915,0.09699199790582991,0.6823283840730968,SP_30
0.41198688792350535,0.010847743380990933,0.1907390006304045,0.9047188182300988,0.9971002965982336,0.5681239933109681,0.10166791150356753,0.012903415735291997,0.32985578629676254,0.4638937731158674,0.2830158794115073,0.20180886963241348,0.07250036968581475,0.471623803709976,SP_30
0.08596576795254246,0.0026897523209512275,0.1698880734599693,0.8869568638250162,0.9912843200609764,0.5058631621064293,0.0859396309334747,0.009593231851655573,0.2742451983079816,0.3916206875644212,0.21644989767095482,0.14730324009070062,0.14786761706086626,0.48903154661100384,SP_30
0.4301804611912027,0.009794025976906949,0.14385117695336197,0.9075316194260313,0.9825520703882289,0.6511469842930863,0.07387703390629818,0.007380381767508834,0.22668748023814947,0.3802219123264416,0.20669633491122452,0.1672615708583334,0.07911769153483082,0.38576661021621833,SP_30
0.24438823542756036,0.006333396186652178,0.1987796319864879,0.8866421448100869,0.9912843200609764,0.5385901736891241,0.10990677743590788,0.014828538401485012,0.5551799345105067,0.5473231067725701,0.36949191162883116,0.1945888191394268,0.09699199790582991,0.9126068291914459,SP_30
0.3164366003879179,0.008768037978193595,0.2218786054976033,0.8952772477822145,0.9883680469254859,0.6030182717265293,0.11424033934338888,0.015894503944121088,0.2510292321871325,0.3505527597566644,0.18218738233549198,0.11813207076055482,0.12811601201676043,0.5217990626599976,SP_30
0.3428308927781496,0.010326430560023074,0.23558098319317738,0.8827671669387674,0.9825520703882289,0.5495162763021554,0.09233800763216726,0.010881967536990984,0.2821795644555479,0.3705208270175226,0.198526684052647,0.12428975206197737,0.15463813267062632,0.5830018510495845,SP_30
0.38631852364370545,0.008668212118859327,0.15839805882982644,0.8994276047915971,0.9883680469254859,0.7191914684066356,0.08892723949557338,0.010184926006376611,0.12609932447463776,0.2519493118292609,0.11071822068338852,0.08737749766718611,0.048098965203681045,0.24258595565357804,SP_30
0.9962569331805861,0.03691074697454123,0.959118860989854,0.921534317502631,0.9902138953767127,0.12300072840684084,0.10448540666359628,0.020526484085034075,0.04034568627419295,0.11024070817922754,0.03548796296424944,0.028558107873103047,0.015444799146320949,0.09841282344137688,SP_31
0.9970509170513709,0.03691074697454123,0.9691339669097094,0.921534317502631,0.9854683435237197,0.08647779385060478,0.09716669960633195,0.012231694221300335,0.03314927543023602,0.09859940580852483,0.030780687945735727,0.025529340674733003,0.011053353267716124,0.08022527667283684,SP_31
0.9988203668205483,0.03691074697454123,0.996372200349696,0.8919612999823232,0.9902138953767127,0.04201676361659126,0.12475134740172839,0.020526484085034075,0.027972815234844847,0.07150104084561126,0.020695059445325167,0.014826816905068176,0.013110797900313905,0.09044543342129101,SP_31
0.9952928099089188,0.03691074697454123,0.9477834738857898,0.881154231987254,0.9738363904492056,0.15132908600330347,0.09207799391771838,0.010828252867069085,0.062360455076028234,0.16908991693445702,0.06272985826767277,0.05656202442907806,0.012798732783454565,0.12623370485605134,SP_31
0.9980604108299401,0.03691074697454123,0.9710132860728176,0.8915792993567931,0.9902138953767127,0.10602166753870301,0.12289216823397155,0.018131921202883265,0.02743954826362349,0.09861557428403969,0.030786245531353812,0.02908590912751069,0.007598444167607101,0.05541333543381513,SP_31
0.9980377255764891,0.03691074697454123,0.9881293637672022,0.8919612999823232,0.9902138953767127,0.04763370369230452,0.12475134740172839,0.020526484085034075,0.030310571452118285,0.08979162877180216,0.02736833037623465,0.022558766948002778,0.009971026768324323,0.08063880902682054,SP_31
0.9963703594478409,0.03691074697454123,0.957168175276248,0.7810342453628122,0.9902138953767127,0.12477044925261352,0.23889907134317478,0.012231694221300335,0.04685800716516894,0.13837789769397119,0.04779940450470102,0.04320120934154086,0.012785417094660786,0.09497065889488403,SP_31
0.9958145707382916,0.03691074697454123,0.9756759007053395,0.8919612999823232,0.9836265121764948,0.08515691524832517,0.12475134740172839,0.020526484085034075,0.0444179067817015,0.1437296630893915,0.05028781346519631,0.048841239412679004,0.009518293349335833,0.08094206608640857,SP_31
0.9967333235030568,0.03691074697454123,0.9722740951316118,0.8919612999823232,0.9836265121764948,0.0931463071825018,0.12475134740172839,0.020526484085034075,0.002075431959713027,0.04348107277835042,0.011561167482010788,0.016017753068859792,0.0,0.0,SP_31
0.9968467497703118,0.03691074697454123,0.9717745292781275,0.9136036154181529,0.9836265121764948,0.09253075210571132,0.12475134740172839,0.020526484085034075,0.01760481254588654,0.07646880494755351,0.02245264589704294,0.022843305957590494,0.0028809346275135797,0.040813674136505065,SP_31
0.9949071606002519,0.03691074697454123,0.9558122108167901,0.9136036154181529,0.9738363904492056,0.12662993854708482,0.09409400271269304,0.012231694221300335,0.06003885846394333,0.18828593948948036,0.07285161107460086,0.07524483549855904,0.01653327134823295,0.08564451971170887,SP_31
0.8452071730771412,0.05916900517985293,0.4937137963436537,0.9861917032199689,0.9912843200609764,0.8039585321063267,0.03701626615207743,0.0023720092882796523,0.19597345730982435,0.3565755168859516,0.18706416371535714,0.15696944639738425,0.09189733849768096,0.3057776377456579,SP_32
0.8542812744575389,0.061159976485464236,0.5007790848429341,0.9797793032907808,0.9883680469254859,0.6789880274537564,0.0017191495002383452,5.120243342167293e-05,0.11785792582848947,0.23434588411245172,0.09959054487958795,0.07474071763377224,0.05258191376425338,0.22434720964121146,SP_32
0.8454793961185532,0.05730004325787238,0.4826400865914146,0.9890438442927675,1.0,0.8153719491551505,0.014847802756655202,0.0006315984637715441,0.25671741321349373,0.42844439054952604,0.24937859245807845,0.20795978425108722,0.15444693303666435,0.35339293450435194,SP_32
0.8914964327438949,0.0742538017014763,0.5585622018959713,0.9826117744251462,1.0,0.6528141126260605,0.007993637311458192,0.0002867974740558492,0.09383936598327697,0.17951454152266622,0.06815128303810976,0.04432109533646992,0.0694825956948193,0.20330432042849828,SP_32
0.8717716048682554,0.06634537528977227,0.5261142102696468,0.9851885363598812,1.0,0.6566100355996018,0.004708797385587592,0.00015391265497775305,0.18555051196322503,0.36854018876695166,0.19687330233126824,0.18374859337582358,0.0673179426960357,0.26517663739120156,SP_32
0.8662364030262129,0.0632452277693357,0.5146360900645868,0.9921516945651961,1.0,0.8218737496537502,0.0016727548962876659,4.973117889668042e-05,0.21477246467914296,0.38660846015481315,0.21215666278098808,0.1830008749320794,0.1078864078877497,0.31363869087471935,SP_32
0.8708528521034903,0.06839180540612486,0.535165867757782,0.9726391156395681,0.9971002965982336,0.7711930483313327,0.032079064562424965,0.001901763030668842,0.11115707621031401,0.21742961660502436,0.08937014492793895,0.0650406779133445,0.058659330700901326,0.22927021385530305,SP_32
0.8728491544071776,0.06925141697261444,0.5437060649673497,0.9782843879698658,1.0,0.7655889323197193,0.047345438416261564,0.0035094555932148907,0.09280515125121129,0.2029224519493118,0.08097402245542469,0.06292608955433951,0.053302326670788616,0.1726556653932496,SP_32
0.810770958338532,0.046468937520103816,0.4287464465405065,0.9862900529121345,1.0,0.8614359874016394,0.01070032909578956,0.0004120623050752577,0.16047619124569545,0.3041896562177894,0.1466744102359612,0.11670091735918026,0.10023500825009349,0.2497262809656965,SP_32
0.8344770481948209,0.05473230032055192,0.4679980493142864,0.981529927811326,0.9971002965982336,0.8244513865378104,0.020348367394280205,0.0009743591288157872,0.05675845861067255,0.15161179490288806,0.05404335194661383,0.045468048062394226,0.021319749327719895,0.10971604111693119,SP_32
0.7595930265530892,0.03742915136927804,0.3642310848905118,0.9665217647868761,0.9971002965982336,0.8851476819221732,0.05448816810141554,0.004417191875615923,0.06203187643719488,0.1734837001556216,0.06499457440704035,0.05918073065286985,0.021761557053339136,0.10352880942066085,SP_32
0.6599026802626953,0.027069445522810202,0.28466927551056825,0.9708491512421568,1.0,0.8538954377109557,0.02145368059609419,0.0010503508130076168,0.33533927899073573,0.5039511712039451,0.32328058721449643,0.2623740635756911,0.07250036968581475,0.42771060612027884,SP_33
0.5540532876603564,0.021212995108532896,0.22371034696037967,0.9616632899939023,1.0,0.8433797051491181,0.04070744123562596,0.002754535464777702,0.23533734654850982,0.7068655389154994,0.5622150868997982,0.33114724369328247,0.09699199790582991,0.8286006852821866,SP_33
0.7688826378412713,0.038765708708142464,0.3720576165951019,0.9820806860874526,1.0,0.8781842151159808,0.023513906909991916,0.0011983368106063905,0.3183716935427834,0.45593079892479643,0.2752908354023762,0.20047921647227113,0.07250036968581475,0.47134811547398686,SP_33
0.7239658360083028,0.03658063156493672,0.3555124713046995,0.9653612384193236,1.0,0.8629107547731166,0.035728943350149256,0.0022448706897048288,0.08324943804972955,0.2308251985690899,0.09742586528134582,0.09825494018590783,0.03907502533651221,0.1062187389232405,SP_33
0.6543561357939273,0.02482336368778907,0.25806144659997865,0.9778713192627707,0.9912843200609764,0.9183491838765607,0.018097974187265956,0.0008270116001618214,0.39857181409343806,0.5339841144728066,0.35500050712968767,0.26172784537317917,0.07250036968581475,0.5412941593478005,SP_33
0.7972051767748375,0.04787204543185775,0.4344557705803291,0.9693345659828084,0.9971002965982336,0.7375811763257517,0.023338015279629455,0.0011852898365168345,0.3386412249842579,0.438913478445401,0.2591182612537636,0.16110050621553643,0.08465645032097768,0.5184120357607026,SP_33
0.6484579698966686,0.024030302694189022,0.26435359746886633,0.978953165876591,1.0,0.9057944251228545,0.02163569019620839,0.0010630785526247687,0.423667680951219,0.5619151559247357,0.3856505918133985,0.28949831137432,0.08465645032097768,0.5363711551337089,SP_33
0.6858432675839071,0.029032687423050894,0.29671832811961035,0.9725801058242688,0.994184023462743,0.9077436828660244,0.05459523257207096,0.0044312104328823616,0.19205744631913818,0.32714889144889747,0.16384734979582818,0.12147481203846994,0.12086749732209548,0.3228939387972116,SP_33
0.6959722332497761,0.02816752997548721,0.28736931000440097,0.9861917032199689,1.0,0.9397653709232299,0.07574301468057824,0.007704751750990672,0.411871169163595,0.5456658380322965,0.36769959026700033,0.2694249469999574,0.08465645032097768,0.5445236501122446,SP_33
0.6058210360355252,0.021961689053539936,0.2334399866782439,0.9725014260705364,1.0,0.9264539923876354,0.027636908691850613,0.0015190980565740948,0.542144519658429,0.6127245902301985,0.44429701404818706,0.2874175564290591,0.09699199790582991,0.706470796739002,SP_33
0.6838583079069451,0.03119003516088601,0.31315642358426604,0.9648104801431973,0.9971002965982336,0.8888025401906168,0.05678750506644369,0.0047304580513619675,0.6191719710570698,0.6444956446169081,0.48278329445339063,0.2835402472139875,0.09699199790582991,0.7725965893426805,SP_33
0.9965972119823509,0.03691074697454123,0.9497460540244786,0.8281634178485021,0.965120710510182,0.11406235572927886,0.1170087206560503,0.016595431807442985,0.09965682385114633,0.22652034196325715,0.09480407426601661,0.08995560379448503,0.021303019359748227,0.2238352172029459,SP_34
0.9965745267288998,0.03691074697454123,0.9493773268469068,0.8451385747162613,0.9680204139119484,0.11894832415130344,0.10736781998893666,0.014220604927950376,0.08273233068369673,0.19879544857414255,0.07864817287425822,0.07368849846633135,0.014872565956106231,0.19819621125595682,SP_34
0.9977201320281751,0.03691074697454123,0.959154544265103,0.8510395562461891,0.9902138953767127,0.0846054804920337,0.08738245213325957,0.009877489329691859,0.08427287971166955,0.21059035146223654,0.08536729388651688,0.08855828380685452,0.013507878568702758,0.20079949588436846,SP_34
0.9996597211982351,0.03691074697454123,0.9914598027904322,0.921534317502631,0.9836265121764948,0.020724969991690004,0.1682875037918667,0.03225318869087731,0.039424588778446956,0.1344691687382526,0.046009861935679276,0.04993067533523838,0.0036873873693316944,0.09801898310424954,SP_34
0.9991833308757644,0.03691074697454123,0.9861192059281814,0.921534317502631,0.9902138953767127,0.05507166087018969,0.1495206315784107,0.02592957018534351,0.03589640831228544,0.08654984943107177,0.026144272143852544,0.02145512099167089,0.012586023190671888,0.13247213579614825,SP_34
0.9959279970055467,0.03691074697454123,0.9492108048957453,0.8573339365447786,0.9971002965982336,0.12956664922593947,0.07041018438031338,0.006796737873396244,0.08283467484989074,0.1545989207542594,0.055491103000123665,0.03507442336021285,0.05575036484133726,0.21493442558386827,SP_34
0.9958485986184681,0.03691074697454123,0.9526245048945559,0.8662050787781036,0.994184023462743,0.13334974813538106,0.1312024104800822,0.02041652964452256,0.06861960881905066,0.1463044928151337,0.05150353531915129,0.0366578271234358,0.042400533255779124,0.166507817730692,SP_34
0.9959960527658994,0.03691074697454123,0.9470817028058949,0.944196384665316,0.9825520703882289,0.15662542447652167,0.024911862998264027,0.0013034065913063266,0.08745632193380917,0.18985832373330097,0.07370747925978517,0.0570898256834857,0.030264477917961635,0.1948131227600331,SP_34
0.9961321642866056,0.03691074697454123,0.9496152153485662,0.7930329078069985,0.9902138953767127,0.10425194669293034,0.1162388761289566,0.01639833922013267,0.052573120866844306,0.12935184623779789,0.043707632093389674,0.03564959139386221,0.019611926882938262,0.13878145799692804,SP_34
0.9959620248857229,0.03691074697454123,0.946403720576166,0.8466924998524755,0.9622044373746914,0.10780421244857549,0.15444049892043324,0.027521578619462753,0.06591018168244112,0.1504921279734837,0.05350148734885103,0.041773439281540696,0.02206679361184269,0.16937497538497892,SP_34
1.0000000000000002,0.03691074697454123,1.0,0.921534317502631,0.9836265121764948,0.010011746842715413,0.09716669960633195,0.012231694221300335,0.015053210886618287,0.05931405242628185,0.016560215745473693,0.017725325460523512,0.0020478505081079055,0.06730337521168918,SP_34
0.9004003947234102,0.08552857792517496,0.5982776872479869,0.9606601231338147,0.9971002965982336,0.6153037251341397,0.08607728525288882,0.00962015858541487,0.5187130921350662,0.5529820732027728,0.3757303014851258,0.24468257152891165,0.08465645032097768,0.8724744988381711,SP_35
0.8924718986422876,0.08049291790986834,0.5829338788909639,0.9846967878990539,1.0,0.6872595487981287,0.01970394124709715,0.0009311653167235548,0.45245871086210954,0.5402089775460295,0.3617390796916096,0.23648135203734666,0.08465645032097768,0.6790988933086527,SP_35
0.8966006147703686,0.08736981044178488,0.6141448503086604,0.9498219870571806,0.9971002965982336,0.6134570599037682,0.147226392921509,0.02520365875461608,0.40057021860175246,0.5202813314739585,0.34037016299009226,0.24302473425545174,0.07250036968581475,0.6008822023551653,SP_35
0.9074101380397673,0.09112991781004248,0.6203894234772163,0.9823954051023821,1.0,0.6423368522565223,0.020234165292247766,0.0009666697419587508,0.4156525167777101,0.5471210008286345,0.3692696082041079,0.27991330526062214,0.06804185609459877,0.6089953132999882,SP_35
0.9068656919569434,0.09231119047883138,0.6252780321863143,0.9771828714176126,1.0,0.5614554799790711,0.07458060042774806,0.0075019684622157625,0.5314253148833734,0.5965561147153338,0.42523449537817287,0.269621180799673,0.09699199790582991,0.71033043204285,SP_35
0.88145820809183,0.07840212074492275,0.577617070878879,0.9807037903971362,1.0,0.6791162680947544,0.07440215964332236,0.0074714329909423335,0.5170971316162136,0.6227490450494149,0.4563013989832398,0.3243298108238504,0.09699199790582991,0.6530266629908236,SP_35
0.9316720166056055,0.11164967778430959,0.6726416328666756,0.9871161903263245,1.0,0.5821663435002513,0.024486154269705594,0.0012709279536791337,0.38388811951213075,0.5932011560459993,0.4213302914814718,0.3959382310131957,0.07250036968581475,0.4229845220747509,SP_35
0.8825697855109286,0.07658307175260934,0.5630701890024146,0.9883553964476092,1.0,0.7180885988940525,0.025267724905490112,0.0013307497178557154,0.36638188055789417,0.5080337112714484,0.3275182462482824,0.24195221503976438,0.08465645032097768,0.4878106415659091,SP_35
0.9073987954130419,0.09116319309648724,0.6256229705137202,0.9333975884655482,0.9883680469254859,0.5916305028059051,0.04703444162054822,0.003472257837299986,0.5181205732781536,0.6100163705814587,0.4410736143897007,0.2955781758241312,0.09699199790582991,0.6413689890118547,SP_35
0.9167904903417533,0.0996262076156039,0.6467236806108976,0.9648301500816302,1.0,0.5203415304751059,0.06423103493105813,0.005815022471955495,0.5059254578958794,0.6061763576466783,0.4365163941828752,0.30283205973086197,0.09699199790582991,0.6434957268323421,SP_35
0.9091455599287684,0.10009206162583048,0.6416566555255552,0.9106001298215937,0.9902138953767127,0.5559026602238568,0.21515115209017888,0.012231694221300335,0.19565565174111665,0.4024131449705936,0.2258977932216907,0.2298601529676302,0.06224432383768804,0.26089165452325624,SP_35
0.3106178328777378,0.005318499950087076,0.7444720659426927,0.8919612999823232,0.9836265121764948,0.1297333620592369,0.10448540666359628,0.020526484085034075,0.29190226024397775,0.5014450574991409,0.32069630990208925,0.3150357720683516,0.08207445730288537,0.40754598085935956,SP_36
0.40171046811020494,0.0071153654181039735,0.8373437369904726,0.8919612999823232,0.9836265121764948,0.020013234434150984,0.10448540666359628,0.020526484085034075,0.5041586743952672,0.7162836759029083,0.5746918666123877,0.16377732924078217,0.06804185609459877,0.5600015753613485,SP_36
0.2854031736669579,0.0021628936189092424,0.7893497317807145,0.8919612999823232,0.9836265121764948,0.18518461522678076,0.10448540666359628,0.020526484085034075,0.37418158332888946,0.5922310475151074,0.42020488039381054,0.41224593643784224,0.11607726363551285,0.46658264739474614,SP_36
0.03718113040617946,0.0027285734884701165,0.7965934366562393,0.8919612999823232,0.9836265121764948,0.11596031721604957,0.10448540666359628,0.020526484085034075,0.5328796793503408,0.5949392671638474,0.42334491626802573,0.26346349949825043,0.09699199790582991,0.7199795203024695,SP_36
0.6392817848757416,0.009982585933427247,0.8086305948401984,0.8919612999823232,0.9836265121764948,0.07939891046751407,0.09716669960633195,0.012231694221300335,0.47265821734776714,0.6107439519796276,0.4419350401605031,0.3593981441695893,0.06804185609459877,0.6645661848686543,SP_36
0.29279856629198187,0.007492485331144556,0.8440759815874301,0.8919612999823232,0.9836265121764948,0.06008586993321227,0.10448540666359628,0.020526484085034075,0.5917545075872039,0.7081590169566887,0.5639240444773577,0.44371101121983664,0.07250036968581475,0.7320310346185656,SP_36
0.18552000272223043,0.004342424881040849,0.7678802945059651,0.8919612999823232,0.9836265121764948,0.075000256481282,0.10448540666359628,0.020526484085034075,0.23813385078719734,0.7473271488914488,0.6165126983884391,0.3983065699752813,0.09699199790582991,0.8808239139852704,SP_36
0.26809432528384924,0.001458566722495197,0.8015177286405861,0.8919612999823232,0.9836265121764948,0.07265345275101823,0.10448540666359628,0.020526484085034075,0.49901453341025304,0.7017724691283169,0.5555598781221475,0.16377732924078217,0.1522617943628134,0.6002520578157615,SP_36
0.5476220183069995,0.00754794414188583,0.7228361067167819,0.8919612999823232,0.9836265121764948,0.10143065259097389,0.12475134740172839,0.020526484085034075,0.24437147484945979,0.4140544473412963,0.23627658436345503,0.20166676929468835,0.08795726032639348,0.38722381946358947,SP_36
0.40251579460771525,0.004630810696895422,0.8878950435930679,0.8919612999823232,0.9836265121764948,0.0,0.12475134740172839,0.020526484085034075,0.41468294046639853,0.6241233654681784,0.45792699277652815,0.44854918938524013,0.10981206134408084,0.548580205584656,SP_36
